g_yr,g_cy,Geo_FIPS,g_id,g_st,t_h,t_h_as,t_h_bl,t_h_hi,t_h_mr,t_h_n_hi,t_h_na,t_h_nf,t_h_nh,t_h_nw,t_h_or,t_h_or_fm,t_h_or_nf,t_h_wa,t_h_wh,t_h_wh_fm,t_h_wh_nf,t_p,t_p_as,t_p_bl,t_p_mr,t_p_na,t_p_nh,t_p_or,t_p_wh,t_u,t_u_oc,t_u_oc_oo,t_u_oc_ro,t_u_vc
1960,3,340050BJ000100,34,34,,,,,,,,380,,,177,103,74,,1993,1687,306,7036,,682,,,,9,6345,2131,2073,1715,358,30
1960,3,340050BJ000200,34,34,,,,,,,,233,,,27,19,8,,1004,779,225,3324,,101,,,,5,3218,1041,1003,753,250,24
1960,3,340050BJ000300,34,34,,,,,,,,260,,,217,153,64,,2233,2037,196,8302,,775,,,,28,7499,2408,2234,2037,197,86
1960,3,340050BJ000400,34,34,,,,,,,,406,,,18,15,3,,3640,3237,403,12947,,2,,,,22,12923,3698,3632,3363,269,29
1960,3,340050BJ000500,34,34,,,,,,,,608,,,247,174,73,,3508,2973,535,12497,,878,,,,25,11594,3796,3613,2960,653,74
1960,3,340050BJ000600,34,34,,,,,,,,148,,,23,15,8,,1412,1272,140,5327,,50,,,,0,5277,1480,1435,1272,163,24
1960,3,340050BJ000700,34,34,,,,,,,,559,,,58,33,25,,2533,1999,534,8474,,179,,,,4,8291,2627,2553,1921,632,50
1960,3,340050BJ000800,34,34,,,,,,,,148,,,0,0,0,,1149,1001,148,4011,,4,,,,0,4007,1189,1144,960,184,15
1960,3,340050BJ000900,34,34,,,,,,,,266,,,143,86,57,,1002,793,209,3400,,541,,,,0,2859,1036,1003,681,322,16
1960,3,340050BJ001000,34,34,,,,,,,,84,,,13,3,10,,776,702,74,2866,,27,,,,1,2838,886,788,666,122,28
1960,3,340050BJ001100,34,34,,,,,,,,260,,,4,4,0,,1761,1501,260,6291,,41,,,,5,6245,1854,1671,1439,232,101
1960,3,340050BJ001200,34,34,,,,,,,,972,,,691,497,194,,3559,2781,778,12687,,2739,,,,17,9931,3883,3662,2655,1007,92
1960,3,340050BJ001300,34,34,,,,,,,,386,,,117,89,28,,2374,2016,358,8127,,509,,,,2,7616,2511,2422,1987,435,53
1960,3,340050BJ001400,34,34,,,,,,,,120,,,15,11,4,,597,481,116,2084,,44,,,,2,2038,617,579,410,169,18
1960,3,340050BJ002000,34,34,,,,,,,,27296,,,2204,96,2108,,25983,795,25188,28528,,2346,,,,272,25910,855,822,73,749,28
1960,3,340050BJ002100,34,34,,,,,,,,136,,,208,200,8,,1373,1245,128,4846,,658,,,,244,3944,1435,1341,65,1276,83
1960,3,340050BJ002400,34,34,,,,,,,,87,,,7,7,0,,535,448,87,1956,,21,,,,5,1930,564,523,365,158,10
1960,4,340070CJ000100,34,34,,,,,,,,171,,,53,47,6,,924,759,165,3570,,309,,,,17,3244,1077,1017,853,164,47
1960,4,340070CJ000200,34,34,,,,,,,,306,,,4,4,0,,1444,1138,306,5359,,12,,,,13,5334,1605,1555,1042,513,36
1960,4,340070CJ000300,34,34,,,,,,,,144,,,0,0,0,,1223,1079,144,4353,,4,,,,2,4347,1259,1235,1054,181,8
1960,4,340070CJ000400,34,34,,,,,,,,444,,,140,95,45,,1276,877,399,4276,,478,,,,2,3796,1443,1421,648,773,7
1960,4,340070CJ000500,34,34,,,,,,,,545,,,29,18,11,,3484,2950,534,11761,,139,,,,24,11598,3824,3702,2211,1491,78
1960,4,340070CJ000600,34,34,,,,,,,,387,,,0,0,0,,2060,1673,387,6582,,0,,,,0,6582,2183,2131,1622,509,43
1960,4,340070CJ000700,34,34,,,,,,,,1463,,,321,235,86,,2219,842,1377,5304,,1315,,,,10,3979,1730,1603,839,764,101
1960,4,340070CJ000800,34,34,,,,,,,,315,,,103,91,12,,1154,851,303,4469,,561,,,,8,3900,1318,1211,700,511,65
1960,4,340070CJ000900,34,34,,,,,,,,438,,,107,76,31,,1414,1007,407,5041,,489,,,,70,4482,1562,1445,1038,407,73
1960,4,340070CJ001000,34,34,,,,,,,,788,,,716,449,267,,1249,728,521,4172,,2728,,,,55,1389,1391,1275,665,610,72
1960,4,340070CJ0011A0,34,34,,,,,,,,432,,,234,91,143,,484,195,289,1371,,599,,,,28,744,433,404,166,238,14
1960,4,340070CJ0011B0,34,34,,,,,,,,950,,,393,212,181,,1288,519,769,3404,,1426,,,,13,1960,1469,1272,285,987,111
1960,4,340070CJ0012A0,34,34,,,,,,,,201,,,172,101,71,,463,333,130,1695,,664,,,,6,1025,501,477,318,159,17
1960,4,340070CJ0012B0,34,34,,,,,,,,187,,,250,172,78,,480,371,109,2234,,1095,,,,2,1137,575,535,368,167,28
1960,4,340070CJ001300,34,34,,,,,,,,495,,,491,278,213,,649,367,282,2593,,2103,,,,19,471,779,680,308,372,19
1960,4,340070CJ001400,34,34,,,,,,,,485,,,265,156,109,,1209,833,376,4074,,1136,,,,11,2927,1226,1165,699,466,41
1960,4,340070CJ001500,34,34,,,,,,,,614,,,603,345,258,,971,615,356,3479,,2297,,,,42,1140,1068,1019,644,375,18
1960,4,340070CJ001600,34,34,,,,,,,,687,,,648,359,289,,1047,649,398,3442,,2225,,,,36,1181,1006,963,671,292,23
1960,4,340070CJ0017A0,34,34,,,,,,,,222,,,182,83,99,,249,126,123,775,,590,,,,9,176,252,245,127,118,0
1960,4,340070CJ0017B0,34,34,,,,,,,,316,,,454,336,118,,893,695,198,3585,,1946,,,,9,1630,1069,988,544,444,47
1960,4,340070CJ001800,34,34,,,,,,,,737,,,816,561,255,,1551,1069,482,6715,,4235,,,,9,2471,1898,1820,798,1022,27
1960,4,340070CJ001900,34,34,,,,,,,,354,,,265,213,52,,1054,752,302,3373,,876,,,,7,2490,1046,1025,731,294,15
1960,4,340070CJ002000,34,34,,,,,,,,422,,,475,417,58,,1884,1520,364,6437,,2118,,,,17,4302,2058,1967,1460,507,71
1960,4,340070CJ002100,34,34,,,,,,,,206,,,7,7,0,,956,750,206,3149,,32,,,,4,3113,1046,1002,832,170,30
1960,4,340070CJ002200,34,34,,,,,,,,173,,,5,5,0,,1228,1055,173,4192,,13,,,,0,4179,1342,1304,1181,123,24
1960,4,340070CJ002300,34,34,,,,,,,,193,,,25,18,7,,1325,1139,186,4565,,59,,,,0,4502,1462,1394,881,513,64
1960,4,340070CJ002400,34,34,,,,,,,,411,,,0,0,0,,2252,1841,411,7108,,0,,,,11,7097,2393,2353,1867,486,23
1960,4,340070CJ004000,34,34,,,,,,,,121,,,0,0,0,,614,493,121,1973,,1,,,,1,1971,622,622,515,107,6
1960,4,340070CJ004900,34,34,,,,,,,,282,,,0,0,0,,1236,954,282,4459,,0,,,,8,4451,1319,1268,948,320,30
1960,4,340070CJ005000,34,34,,,,,,,,388,,,0,0,0,,1279,891,388,4517,,3,,,,5,4508,1334,1252,864,388,33
1960,4,340070CJ005100,34,34,,,,,,,,133,,,0,0,0,,871,738,133,2947,,0,,,,7,2940,936,902,761,141,17
1960,4,340070CJ005200,34,34,,,,,,,,172,,,0,0,0,,1066,894,172,3538,,0,,,,13,3525,1090,1056,682,374,12
1960,4,340070CJ005300,34,34,,,,,,,,99,,,4,0,4,,748,653,95,2504,,0,,,,1,2503,767,755,565,190,2
1960,4,340070CJ006500,34,34,,,,,,,,472,,,620,384,236,,633,397,236,2165,,2100,,,,5,60,631,584,470,114,10
1960,4,340070CJ007100,34,34,,,,,,,,34,,,4,4,0,,1159,1125,34,4596,,2,,,,6,4588,1199,1173,1145,28,15
1960,4,340070CJ007200,34,34,,,,,,,,122,,,0,0,0,,1005,883,122,3800,,0,,,,7,3793,1062,1034,902,132,10
1960,4,340070CJ007300,34,34,,,,,,,,159,,,154,115,39,,1106,986,120,4199,,494,,,,3,3702,1109,1083,996,87,13
1960,4,340070CJ007400,34,34,,,,,,,,139,,,4,4,0,,1269,1130,139,4839,,18,,,,3,4818,1324,1257,1120,137,31
1960,4,340070CJ007500,34,34,,,,,,,,103,,,8,8,0,,1001,898,103,3784,,44,,,,7,3733,1064,990,939,51,22
1960,4,340070CJ007600,34,34,,,,,,,,39,,,8,8,0,,542,503,39,2141,,0,,,,6,2135,592,545,488,57,26
1960,4,340070CJ007700,34,34,,,,,,,,117,,,31,19,12,,963,858,105,3632,,112,,,,4,3516,1050,973,854,119,31
1960,4,340070CJ007800,34,34,,,,,,,,98,,,0,0,0,,981,883,98,3703,,0,,,,0,3703,1045,993,941,52,22
1960,4,340070CJ007900,34,34,,,,,,,,64,,,0,0,0,,570,506,64,2028,,0,,,,0,2028,603,583,486,97,9
1960,4,340070CJ008000,34,34,,,,,,,,78,,,0,0,0,,1149,1071,78,4308,,1,,,,1,4306,1208,1147,1067,80,44
1960,4,340070CJ008100,34,34,,,,,,,,3,,,0,0,0,,110,107,3,474,,0,,,,0,474,119,119,111,8,2
1960,4,340070CJ008200,34,34,,,,,,,,609,,,51,21,30,,2831,2252,579,10519,,266,,,,17,10236,2666,2459,2270,189,46
1960,4,340070CJ008300,34,34,,,,,,,,141,,,4,4,0,,1499,1358,141,5585,,3,,,,5,5569,1613,1512,1307,205,15
1960,4,340070CJ008400,34,34,,,,,,,,39,,,17,17,0,,399,360,39,1487,,89,,,,14,1392,443,403,341,62,0
1960,4,340070CJ008500,34,34,,,,,,,,154,,,0,0,0,,1097,943,154,3969,,9,,,,12,3938,1320,1132,1029,103,57
1960,4,340070CJ008600,34,34,,,,,,,,204,,,0,0,0,,1109,905,204,3766,,0,,,,0,3766,1299,1160,983,177,17
1960,4,340070CJ008700,34,34,,,,,,,,114,,,0,0,0,,1011,897,114,3578,,2,,,,2,3574,1085,1023,843,180,24
1960,4,340070CJ008800,34,34,,,,,,,,76,,,106,99,7,,887,818,69,3353,,588,,,,0,2775,912,871,768,103,10
1960,4,340070CJ008900,34,34,,,,,,,,248,,,0,0,0,,1174,926,248,3809,,40,,,,0,3769,1147,1056,897,159,21
1960,4,340070CJ009000,34,34,,,,,,,,35,,,82,66,16,,127,108,19,384,,201,,,,0,183,130,115,97,18,3
1960,4,340070CJ009100,34,34,,,,,,,,286,,,219,143,76,,1083,873,210,6023,,1046,,,,43,4934,1205,1061,788,273,54
1960,4,340070CJ009200,34,34,,,,,,,,149,,,103,64,39,,815,705,110,3119,,426,,,,21,2672,936,838,710,128,18
1960,9,420170B0001000,42,42,,,,,,,,316,,,36,16,20,,2300,2004,296,8394,,73,,,,7,8314,2433,2262,1906,356,40
1960,9,420170B0002A00,42,42,,,,,,,,373,,,204,134,70,,1441,1138,303,4660,,707,,,,13,3940,1547,1430,1285,145,21
1960,9,420170B0002B00,42,42,,,,,,,,115,,,4,4,0,,632,517,115,2253,,4,,,,1,2248,629,598,577,21,8
1960,9,420170B0002C00,42,42,,,,,,,,52,,,5,5,0,,1174,1122,52,4865,,12,,,,1,4852,1266,1197,1144,53,39
1960,9,420170B0002D00,42,42,,,,,,,,240,,,34,21,13,,928,701,227,3306,,229,,,,9,3068,838,785,693,92,12
1960,9,420170B0003A00,42,42,,,,,,,,160,,,5,5,0,,2196,2036,160,8776,,11,,,,21,8744,2341,2217,2012,205,65
1960,9,420170B0003B00,42,42,,,,,,,,223,,,0,0,0,,1506,1283,223,5334,,12,,,,4,5318,1608,1524,1264,260,25
1960,9,420170B0003C00,42,42,,,,,,,,153,,,230,208,22,,1646,1515,131,6821,,1233,,,,13,5575,1809,1711,1144,567,73
1960,9,420170B0004A00,42,42,,,,,,,,86,,,0,0,0,,1784,1698,86,7609,,4,,,,11,7594,1796,1751,1585,166,26
1960,9,420170B0004B00,42,42,,,,,,,,54,,,8,8,0,,1901,1847,54,8365,,1,,,,40,8324,1996,1933,1702,231,46
1960,9,420170B0004C00,42,42,,,,,,,,83,,,227,212,15,,694,626,68,2528,,980,,,,10,1538,746,679,584,95,58
1960,9,420170B0004D00,42,42,,,,,,,,44,,,0,0,0,,1934,1890,44,8158,,12,,,,12,8134,2037,1984,1793,191,30
1960,9,420170B0004E00,42,42,,,,,,,,114,,,4,4,0,,2697,2583,114,11685,,1,,,,14,11645,2829,2725,2482,243,65
1960,9,420170B0004F00,42,42,,,,,,,,9,,,0,0,0,,14,5,9,22,,0,,,,0,47,13,13,8,5,2
1960,9,420170B0005000,42,42,,,,,,,,141,,,0,0,0,,929,788,141,3132,,0,,,,0,3132,996,979,717,262,13
1960,9,420170B0006000,42,42,,,,,,,,472,,,92,48,44,,1582,1154,428,5252,,283,,,,0,4969,1632,1569,889,680,40
1960,9,420170B0007000,42,42,,,,,,,,184,,,72,66,6,,1025,847,178,3980,,336,,,,1,3643,1126,1095,829,266,19
1960,9,420170B0008A00,42,42,,,,,,,,92,,,17,3,14,,525,447,78,1766,,24,,,,14,1728,577,500,360,140,36
1960,9,420170B0008B00,42,42,,,,,,,,7,,,0,0,0,,505,498,7,1874,,0,,,,0,1874,526,499,459,40,3
1960,9,420170B0008C00,42,42,,,,,,,,33,,,4,4,0,,1476,1443,33,6176,,2,,,,0,6174,1511,1491,1443,48,12
1960,9,420170B0008D00,42,42,,,,,,,,53,,,11,0,11,,1113,1071,42,4900,,9,,,,18,4873,1134,1108,1047,61,11
1960,9,420170B0008E00,42,42,,,,,,,,66,,,12,8,4,,1940,1878,62,8399,,9,,,,29,8361,1969,1954,1845,109,1
1960,9,420170B0009000,42,42,,,,,,,,84,,,0,0,0,,1016,932,84,3779,,1,,,,4,3774,1166,1026,938,88,22
1960,9,420170B0010000,42,42,,,,,,,,31,,,0,0,0,,286,255,31,968,,0,,,,0,968,305,287,189,98,2
1960,9,420170B0011000,42,42,,,,,,,,71,,,0,0,0,,578,507,71,2158,,1,,,,0,2157,614,589,470,119,18
1960,9,420170B0012000,42,42,,,,,,,,229,,,13,8,5,,446,222,224,1506,,44,,,,0,1462,251,251,219,32,0
1960,9,420170B0013000,42,42,,,,,,,,126,,,49,41,8,,469,351,118,1461,,173,,,,10,1278,521,483,314,169,28
1960,9,420170B0014A00,42,42,,,,,,,,45,,,0,0,0,,1194,1149,45,4202,,0,,,,0,4202,1258,1201,1130,71,32
1960,9,420170B0014B00,42,42,,,,,,,,94,,,0,0,0,,1636,1542,94,6112,,0,,,,0,6112,1727,1635,1554,81,33
1960,9,420170B0014C00,42,42,,,,,,,,65,,,0,0,0,,626,561,65,2305,,1,,,,0,2304,703,628,573,55,18
1960,9,420170B0015A00,42,42,,,,,,,,168,,,0,0,0,,860,692,168,2886,,5,,,,0,2881,842,796,743,53,35
1960,9,420170B0015B00,42,42,,,,,,,,85,,,3,3,0,,1397,1312,85,5055,,26,,,,5,5024,1476,1385,1305,80,63
1960,9,420170B0016A00,42,42,,,,,,,,160,,,0,0,0,,2053,1893,160,8274,,2,,,,10,8262,2157,2026,1825,201,68
1960,9,420170B0016B00,42,42,,,,,,,,152,,,16,12,4,,1844,1696,148,7720,,5,,,,25,7690,2004,1841,742,1099,143
1960,9,420170B0017000,42,42,,,,,,,,22,,,0,0,0,,113,91,22,425,,0,,,,1,424,127,121,98,23,2
1960,9,420170B0018000,42,42,,,,,,,,187,,,12,4,8,,1198,1019,179,4148,,22,,,,12,4114,1225,1126,952,174,22
1960,9,420170B0019000,42,42,,,,,,,,51,,,0,0,0,,395,344,51,1410,,0,,,,2,1408,411,397,324,73,9
1960,9,420170B0020000,42,42,,,,,,,,63,,,12,12,0,,818,755,63,3090,,40,,,,9,3041,944,859,777,82,28
1960,9,420170B0021A00,42,42,,,,,,,,118,,,4,4,0,,1020,902,118,3833,,18,,,,0,3815,1116,1054,912,142,29
1960,9,420170B0021B00,42,42,,,,,,,,26,,,4,4,0,,440,414,26,1716,,1,,,,12,1703,478,456,378,78,4
1960,9,420170B0022000,42,42,,,,,,,,6,,,0,0,0,,131,125,6,489,,5,,,,1,483,140,132,92,40,3
1960,9,420170B0023000,42,42,,,,,,,,173,,,40,24,16,,629,472,157,1990,,81,,,,3,1906,660,582,477,105,13
1960,9,420170B0024000,42,42,,,,,,,,250,,,0,0,0,,1475,1225,250,4650,,2,,,,0,4648,1550,1521,1163,358,15
1960,9,420170B0025000,42,42,,,,,,,,152,,,3,0,3,,742,593,149,2497,,1,,,,0,2496,792,764,583,181,16
1960,9,420170B0026000,42,42,,,,,,,,22,,,0,0,0,,170,148,22,580,,1,,,,3,576,201,186,136,50,9
1960,9,420170B0027000,42,42,,,,,,,,129,,,5,5,0,,748,619,129,2484,,23,,,,5,2456,936,706,591,115,25
1960,9,420170B0028000,42,42,,,,,,,,113,,,0,0,0,,998,885,113,3524,,4,,,,0,3520,1127,977,842,135,19
1960,9,420170B0029000,42,42,,,,,,,,41,,,0,0,0,,224,183,41,785,,0,,,,0,785,232,232,156,76,0
1960,9,420170B0030A00,42,42,,,,,,,,82,,,0,0,0,,451,369,82,1564,,1,,,,0,1563,474,449,382,67,10
1960,9,420170B0030B00,42,42,,,,,,,,76,,,0,0,0,,644,568,76,2219,,8,,,,0,2211,676,644,538,106,10
1960,9,420170B0031000,42,42,,,,,,,,454,,,0,0,0,,2085,1631,454,6305,,5,,,,4,6296,2137,2064,1412,652,64
1960,9,420170B0032000,42,42,,,,,,,,27,,,0,0,0,,222,195,27,741,,0,,,,0,741,232,220,158,62,5
1960,9,420170B0033000,42,42,,,,,,,,63,,,3,3,0,,355,292,63,1273,,11,,,,1,1261,566,363,299,64,10
1960,9,420170B0034000,42,42,,,,,,,,168,,,17,0,17,,924,773,151,3085,,24,,,,1,3060,993,909,723,186,26
1960,9,420170B0035000,42,42,,,,,,,,20,,,0,0,0,,202,182,20,735,,0,,,,0,735,257,210,178,32,7
1960,9,420170B0036000,42,42,,,,,,,,24,,,0,0,0,,288,264,24,953,,0,,,,0,953,315,303,203,100,7
1960,9,420170B0037000,42,42,,,,,,,,80,,,0,0,0,,508,428,80,1785,,0,,,,0,1785,646,507,434,73,11
1960,9,420170B0038000,42,42,,,,,,,,31,,,0,0,0,,274,243,31,948,,2,,,,0,946,354,296,238,58,16
1960,9,420170B0039000,42,42,,,,,,,,84,,,0,0,0,,525,441,84,1746,,1,,,,0,1745,779,544,467,77,18
1960,9,420170B0040000,42,42,,,,,,,,97,,,5,0,5,,784,692,92,2740,,7,,,,0,2733,862,781,625,156,13
1960,9,420170B0041000,42,42,,,,,,,,13,,,0,0,0,,146,133,13,517,,3,,,,0,514,159,159,131,28,1
1960,9,420170B0042000,42,42,,,,,,,,184,,,0,0,0,,1011,827,184,3354,,4,,,,3,3347,1159,1014,821,193,26
1960,9,420170B0043000,42,42,,,,,,,,216,,,29,15,14,,955,753,202,2972,,49,,,,5,2918,1191,974,720,254,56
1960,9,420170B0044000,42,42,,,,,,,,102,,,11,5,6,,339,243,96,958,,31,,,,2,925,443,392,239,153,30
1960,9,420170B0045A00,42,42,,,,,,,,132,,,4,4,0,,647,515,132,2110,,33,,,,16,2061,683,648,519,129,7
1960,9,420170B0045B00,42,42,,,,,,,,64,,,7,3,4,,560,500,60,1908,,41,,,,0,1867,616,563,401,162,14
1960,9,420170B0046000,42,42,,,,,,,,508,,,26,9,17,,1329,838,491,3795,,50,,,,2,3743,1029,951,750,201,37
1960,9,420170B0047000,42,42,,,,,,,,597,,,25,19,6,,1999,1408,591,5917,,90,,,,8,5819,2052,1981,1238,743,37
1960,9,420170B0048000,42,42,,,,,,,,20,,,0,0,0,,288,268,20,1109,,0,,,,0,1109,329,317,288,29,5
1960,9,420170B0049000,42,42,,,,,,,,41,,,4,4,0,,495,454,41,1810,,5,,,,4,1801,565,488,410,78,12
1960,9,420170B0050A00,42,42,,,,,,,,57,,,0,0,0,,835,778,57,3022,,5,,,,0,3017,892,833,738,95,18
1960,9,420170B0050B00,42,42,,,,,,,,82,,,4,4,0,,847,765,82,2984,,10,,,,0,2974,884,829,695,134,18
1960,9,420170B0051000,42,42,,,,,,,,53,,,3,3,0,,506,453,53,1734,,21,,,,0,1713,551,505,401,104,16
1960,9,420170B0052000,42,42,,,,,,,,57,,,32,20,12,,396,351,45,1468,,77,,,,8,1383,447,419,328,91,9
1960,9,420170B0053000,42,42,,,,,,,,235,,,20,10,10,,770,545,225,2323,,75,,,,0,2248,784,756,445,311,11
1960,9,420170B0054000,42,42,,,,,,,,69,,,4,4,0,,570,501,69,1991,,13,,,,5,1973,654,590,463,127,15
1960,9,420170B0055A00,42,42,,,,,,,,48,,,4,0,4,,551,507,44,1894,,22,,,,3,1869,582,541,446,95,12
1960,9,420170B0055B00,42,42,,,,,,,,89,,,8,0,8,,1841,1760,81,6710,,18,,,,2,6690,1972,1872,1782,90,46
1960,9,420170B0056000,42,42,,,,,,,,157,,,56,46,10,,688,541,147,2271,,244,,,,20,2007,706,684,490,194,8
1960,9,420170B0057000,42,42,,,,,,,,435,,,29,22,7,,2365,1937,428,7790,,82,,,,0,7708,2761,2375,1881,494,54
1960,9,420170B0058A00,42,42,,,,,,,,38,,,8,8,0,,599,561,38,2401,,3,,,,5,2393,639,615,569,46,11
1960,9,420170B0058B00,42,42,,,,,,,,172,,,4,4,0,,2794,2622,172,11254,,2,,,,18,11234,3089,2777,2667,110,295
1960,9,420170B0058C00,42,42,,,,,,,,112,,,0,0,0,,2741,2629,112,11711,,0,,,,9,11702,2853,2802,2576,226,13
1960,9,420170B0058D00,42,42,,,,,,,,169,,,38,17,21,,1031,883,148,3716,,153,,,,11,3552,1163,1046,853,193,14
1960,9,420170B0059A00,42,42,,,,,,,,56,,,0,0,0,,486,430,56,1815,,0,,,,5,1810,472,464,416,48,4
1960,9,420170B0059B00,42,42,,,,,,,,50,,,0,0,0,,188,138,50,637,,0,,,,0,637,184,177,110,67,1
1960,23,420450D0001000,42,42,,,,,,,,164,,,0,0,0,,347,183,164,793,,0,,,,0,793,392,371,136,235,8
1960,23,420450D0002000,42,42,,,,,,,,316,,,4,4,0,,1135,819,316,3463,,0,,,,2,3461,1161,1142,865,277,15
1960,23,420450D0003000,42,42,,,,,,,,518,,,20,20,0,,3776,3258,518,13073,,102,,,,10,12961,4106,4017,3241,776,56
1960,23,420450D0004000,42,42,,,,,,,,1009,,,16,8,8,,3346,2345,1001,9614,,10,,,,6,9598,3622,3544,2374,1170,42
1960,23,420450D0005000,42,42,,,,,,,,217,,,0,0,0,,1341,1124,217,4713,,1,,,,0,4712,1418,1391,1188,203,18
1960,23,420450D0006000,42,42,,,,,,,,238,,,4,4,0,,1632,1394,238,5858,,0,,,,8,5850,1830,1787,1457,330,31
1960,23,420450D0007000,42,42,,,,,,,,411,,,0,0,0,,1698,1287,411,5376,,3,,,,4,5369,1778,1742,1339,403,19
1960,23,420450D0008000,42,42,,,,,,,,248,,,3,3,0,,1297,1049,248,4390,,7,,,,7,4376,1415,1373,1074,299,28
1960,23,420450D0009000,42,42,,,,,,,,146,,,4,0,4,,586,444,142,1923,,5,,,,2,1916,551,551,524,27,5
1960,23,420450D0010000,42,42,,,,,,,,203,,,4,0,4,,887,688,199,3000,,6,,,,0,2994,935,924,681,243,7
1960,23,420450D0011000,42,42,,,,,,,,359,,,4,4,0,,3636,3277,359,13701,,3,,,,8,13690,3803,3738,3242,496,35
1960,23,420450D0012000,42,42,,,,,,,,165,,,0,0,0,,1287,1122,165,4431,,6,,,,0,4425,1407,1378,1103,275,14
1960,23,420450D0013000,42,42,,,,,,,,451,,,0,0,0,,2111,1660,451,6320,,2,,,,0,6318,2300,2227,847,1380,50
1960,23,420450D0014000,42,42,,,,,,,,177,,,0,0,0,,1896,1719,177,7056,,1,,,,3,7052,2072,2011,1679,332,51
1960,23,420450D0015000,42,42,,,,,,,,104,,,6,0,6,,2118,2020,98,8629,,11,,,,14,8604,2171,2146,2020,126,8
1960,23,420450D0016000,42,42,,,,,,,,32,,,3,0,3,,439,410,29,1611,,6,,,,5,1600,464,453,432,21,9
1960,23,420450D0017000,42,42,,,,,,,,186,,,4,0,4,,939,757,182,3224,,1,,,,9,3214,1018,986,680,306,24
1960,23,420450D0018000,42,42,,,,,,,,356,,,3,3,0,,1369,1013,356,4404,,6,,,,3,4395,1474,1438,1038,400,22
1960,23,420450D0019000,42,42,,,,,,,,358,,,7,4,3,,1670,1315,355,5337,,18,,,,13,5306,1784,1748,1336,412,20
1960,23,420450D0020000,42,42,,,,,,,,380,,,83,56,27,,1058,705,353,2860,,277,,,,8,2575,1107,1067,474,593,18
1960,23,420450D0021000,42,42,,,,,,,,250,,,8,0,8,,2071,1829,242,7438,,1,,,,2,7435,2256,2217,1918,299,11
1960,23,420450D0022000,42,42,,,,,,,,276,,,357,311,46,,704,474,230,2475,,1426,,,,7,1042,646,636,578,58,6
1960,23,420450D0023000,42,42,,,,,,,,54,,,0,0,0,,494,440,54,1697,,1,,,,0,1696,511,511,457,54,1
1960,23,420450D0024000,42,42,,,,,,,,220,,,12,8,4,,1213,997,216,4210,,2,,,,13,4195,1345,1278,904,374,41
1960,23,420450D0025000,42,42,,,,,,,,452,,,586,434,152,,1397,1097,300,4889,,1928,,,,3,2958,1541,1466,1017,449,35
1960,23,420450D0026000,42,42,,,,,,,,225,,,0,0,0,,1242,1017,225,4960,,0,,,,4,4956,1184,1163,1066,97,9
1960,23,420450D0027000,42,42,,,,,,,,93,,,0,0,0,,813,720,93,3074,,17,,,,0,3057,903,878,717,161,9
1960,23,420450D0028000,42,42,,,,,,,,279,,,12,0,12,,1914,1647,267,7123,,37,,,,11,7075,2007,1957,1618,339,34
1960,23,420450D0029000,42,42,,,,,,,,374,,,856,673,183,,880,689,191,3519,,3411,,,,13,95,940,899,644,255,20
1960,23,420450D0030000,42,42,,,,,,,,74,,,69,52,17,,2180,2123,57,9079,,280,,,,0,8799,2257,2212,2106,106,15
1960,23,420450D0031A00,42,42,,,,,,,,196,,,0,0,0,,1144,948,196,4119,,1,,,,0,4118,1225,1175,916,259,23
1960,23,420450D0031B00,42,42,,,,,,,,207,,,0,0,0,,1668,1461,207,6149,,6,,,,0,6143,1833,1787,1376,411,35
1960,23,420450D0032000,42,42,,,,,,,,164,,,0,0,0,,1274,1110,164,4324,,2,,,,3,4319,1331,1315,1146,169,5
1960,23,420450D0033000,42,42,,,,,,,,220,,,0,0,0,,2067,1847,220,8005,,1,,,,1,8003,2231,2189,1770,419,28
1960,23,420450D0034A00,42,42,,,,,,,,86,,,0,0,0,,804,718,86,2987,,7,,,,1,2979,850,826,700,126,16
1960,23,420450D0034B00,42,42,,,,,,,,14,,,0,0,0,,990,976,14,4026,,0,,,,1,4025,1072,1008,968,40,46
1960,23,420450D0035000,42,42,,,,,,,,239,,,0,0,0,,2035,1796,239,7249,,8,,,,7,7234,2152,2101,1792,309,31
1960,23,420450D0036000,42,42,,,,,,,,253,,,8,8,0,,1871,1618,253,6729,,18,,,,3,6708,2017,1922,1381,541,77
1960,23,420450D0037000,42,42,,,,,,,,284,,,0,0,0,,1334,1050,284,4375,,2,,,,0,4373,1357,1310,1030,280,19
1960,23,420450D0038000,42,42,,,,,,,,235,,,16,16,0,,1916,1681,235,6596,,53,,,,9,6534,2111,2049,1568,481,29
1960,23,420450D0039000,42,42,,,,,,,,327,,,20,8,12,,2141,1826,315,7387,,18,,,,9,7360,2284,2212,1697,515,34
1960,23,420450D0040A00,42,42,,,,,,,,180,,,8,8,0,,2292,2112,180,8795,,23,,,,14,8758,2332,2271,2119,152,27
1960,23,420450D0040B00,42,42,,,,,,,,147,,,35,23,12,,2246,2111,135,8553,,115,,,,8,8430,2391,2333,2145,188,33
1960,23,420450D0041A00,42,42,,,,,,,,64,,,0,0,0,,1762,1698,64,7231,,3,,,,0,7228,1858,1824,1500,324,21
1960,23,420450D0041B00,42,42,,,,,,,,390,,,128,72,56,,1883,1549,334,6512,,451,,,,2,6059,1968,1870,1257,613,69
1960,23,420450D0041C00,42,42,,,,,,,,40,,,4,4,0,,1160,1120,40,4647,,0,,,,6,4641,1209,1180,1044,136,12
1960,23,420450D0042000,42,42,,,,,,,,71,,,4,4,0,,279,208,71,947,,4,,,,0,943,286,280,227,53,6
1960,23,420450D0043000,42,42,,,,,,,,128,,,0,0,0,,845,717,128,3006,,0,,,,0,3006,950,909,552,357,27
1960,23,420450D0044000,42,42,,,,,,,,145,,,0,0,0,,624,479,145,1949,,1,,,,9,1939,622,622,447,175,5
1960,23,420450D0045000,42,42,,,,,,,,199,,,4,0,4,,1159,964,195,3914,,4,,,,2,3908,1266,1224,983,241,31
1960,23,420450D0046000,42,42,,,,,,,,83,,,0,0,0,,731,648,83,2535,,0,,,,0,2535,822,793,591,202,12
1960,23,420450D0047000,42,42,,,,,,,,819,,,144,87,57,,1731,969,762,4740,,551,,,,7,4182,1451,1365,802,563,44
1960,23,420450D0048000,42,42,,,,,,,,208,,,5,5,0,,1152,944,208,4204,,32,,,,3,4169,1278,1221,790,431,47
1960,23,420450D0049000,42,42,,,,,,,,1126,,,204,127,77,,2159,1110,1049,5873,,871,,,,2,5000,2312,2094,684,1410,169
1960,23,420450D0050000,42,42,,,,,,,,369,,,85,56,29,,1133,793,340,3646,,405,,,,4,3237,1276,1198,626,572,69
1960,23,420450D0051000,42,42,,,,,,,,233,,,387,334,53,,868,688,180,3299,,1695,,,,0,1604,974,915,624,291,53
1960,23,420450D0052000,42,42,,,,,,,,701,,,1299,950,349,,1324,972,352,5874,,5776,,,,9,89,1635,1575,485,1090,50
1960,23,420450D0053000,42,42,,,,,,,,150,,,5,5,0,,1194,1044,150,4927,,14,,,,8,4905,1280,1246,1058,188,30
1960,23,420450D0054000,42,42,,,,,,,,136,,,0,0,0,,1064,928,136,4234,,9,,,,1,4224,1296,1255,602,653,28
1960,23,420450D0055000,42,42,,,,,,,,170,,,28,24,4,,644,478,166,2399,,226,,,,0,2173,754,694,417,277,29
1960,23,420450D0056000,42,42,,,,,,,,34,,,68,51,17,,72,55,17,257,,245,,,,0,12,61,61,17,44,2
1960,23,420450D0057000,42,42,,,,,,,,1043,,,1084,602,482,,1332,771,561,4639,,3784,,,,5,850,1548,1428,577,851,84
1960,23,420450D0058A00,42,42,,,,,,,,646,,,808,496,312,,977,643,334,3416,,2838,,,,0,578,1066,983,343,640,46
1960,23,420450D0058B00,42,42,,,,,,,,954,,,1036,643,393,,1486,925,561,5586,,4212,,,,10,1364,1654,1537,422,1115,79
1960,23,420450D0059000,42,42,,,,,,,,44,,,26,4,22,,26,4,22,139,,139,,,,0,0,35,32,12,20,1
1960,23,420450D0060000,42,42,,,,,,,,408,,,122,72,50,,751,393,358,1875,,398,,,,5,1482,879,714,172,542,86
1960,23,420450D0061000,42,42,,,,,,,,82,,,0,0,0,,719,637,82,2426,,0,,,,0,2426,744,738,650,88,2
1960,23,420450D0062000,42,42,,,,,,,,92,,,0,0,0,,1380,1288,92,5280,,0,,,,4,5276,1422,1394,1326,68,13
1960,23,420450D0063000,42,42,,,,,,,,217,,,49,16,33,,1169,985,184,4343,,60,,,,6,4277,1221,1169,694,475,42
1960,23,420450D0064000,42,42,,,,,,,,240,,,521,421,100,,846,706,140,3602,,2416,,,,3,1183,1007,940,422,518,35
1960,23,420450D0065000,42,42,,,,,,,,133,,,33,16,17,,647,531,116,2358,,103,,,,1,2254,748,679,543,136,52
1960,23,420450D0066000,42,42,,,,,,,,275,,,9,9,0,,960,685,275,3175,,74,,,,1,3111,1028,986,569,417,34
1960,23,420450D0067000,42,42,,,,,,,,200,,,37,25,12,,1195,1007,188,4460,,158,,,,3,4299,1285,1232,993,239,39
1960,23,420450D0068A00,42,42,,,,,,,,50,,,0,0,0,,1107,1057,50,4263,,1,,,,2,4260,1142,1108,1016,92,16
1960,23,420450D0068B00,42,42,,,,,,,,230,,,238,176,62,,1439,1271,168,5419,,901,,,,7,4511,1496,1445,1181,264,30
1960,23,420450D0069A00,42,42,,,,,,,,295,,,0,0,0,,1056,761,295,3356,,10,,,,6,3340,991,944,787,157,15
1960,23,420450D0069B00,42,42,,,,,,,,99,,,3,3,0,,1796,1697,99,7239,,0,,,,9,7230,1867,1803,1700,103,46
1960,23,420450D0070000,42,42,,,,,,,,49,,,6,0,6,,147,104,43,534,,15,,,,0,519,205,126,92,34,0
1960,23,420450D0071A00,42,42,,,,,,,,50,,,0,0,0,,463,413,50,1669,,21,,,,6,1642,474,438,376,62,25
1960,23,420450D0071B00,42,42,,,,,,,,57,,,0,0,0,,895,838,57,3474,,5,,,,0,3469,945,912,879,33,9
1960,23,420450D0072A00,42,42,,,,,,,,144,,,27,15,12,,477,345,132,2025,,140,,,,0,1885,452,431,340,91,11
1960,23,420450D0072B00,42,42,,,,,,,,147,,,20,20,0,,845,698,147,4088,,86,,,,9,3993,752,739,601,138,4
1960,23,420450D0073000,42,42,,,,,,,,28,,,3,0,3,,198,173,25,626,,7,,,,2,617,194,186,161,25,5
1960,23,420450D0074A00,42,42,,,,,,,,106,,,8,0,8,,676,578,98,2250,,5,,,,14,2231,664,633,604,29,9
1960,23,420450D0074B00,42,42,,,,,,,,130,,,133,104,29,,331,230,101,1274,,612,,,,1,661,377,360,307,53,7
1960,23,420450D0074C00,42,42,,,,,,,,131,,,12,0,12,,1129,1010,119,4154,,6,,,,5,4143,1246,1139,930,209,17
1960,23,420450D0074D00,42,42,,,,,,,,32,,,4,0,4,,732,704,28,2702,,7,,,,5,2690,769,757,741,16,0
1960,23,420450D0075000,42,42,,,,,,,,481,,,193,149,44,,1823,1386,437,5803,,909,,,,19,4875,2013,1954,1091,863,45
1960,23,420450D0076000,42,42,,,,,,,,1219,,,69,37,32,,2373,1186,1187,5753,,142,,,,50,5561,1627,1581,1140,441,22
1960,23,420450D0077000,42,42,,,,,,,,135,,,213,162,51,,605,521,84,2207,,754,,,,18,1435,627,606,463,143,14
1960,23,420450D0078A00,42,42,,,,,,,,45,,,4,0,4,,1200,1159,41,4733,,2,,,,9,4722,1194,1176,1116,60,5
1960,23,420450D0078B00,42,42,,,,,,,,159,,,4,0,4,,1565,1410,155,5625,,3,,,,0,5622,1581,1548,1496,52,20
1960,23,420450D0078C00,42,42,,,,,,,,118,,,0,0,0,,1743,1625,118,6692,,1,,,,8,6683,1776,1763,1690,73,7
1960,23,420450D0078D00,42,42,,,,,,,,78,,,0,0,0,,1514,1436,78,6086,,1,,,,4,6081,1541,1524,1477,47,7
1960,23,420450D0078E00,42,42,,,,,,,,49,,,9,9,0,,938,889,49,3597,,57,,,,0,3540,980,958,863,95,18
1960,23,420450D0079A00,42,42,,,,,,,,77,,,10,0,10,,358,291,67,1144,,9,,,,0,1135,361,322,294,28,32
1960,23,420450D0079B00,42,42,,,,,,,,156,,,34,16,18,,658,520,138,2262,,114,,,,0,2148,644,623,522,101,16
1960,23,420450D0079C00,42,42,,,,,,,,71,,,10,10,0,,733,662,71,2653,,38,,,,18,2597,765,746,682,64,6
1960,23,420450D0080A00,42,42,,,,,,,,114,,,3,3,0,,1585,1471,114,5863,,9,,,,0,5854,1570,1547,1477,70,14
1960,23,420450D0080B00,42,42,,,,,,,,23,,,12,8,4,,543,524,19,1935,,49,,,,2,1884,553,536,507,29,9
1960,23,420450D0081A00,42,42,,,,,,,,105,,,16,0,16,,1118,1029,89,3998,,14,,,,0,3984,1145,1116,1062,54,17
1960,23,420450D0081B00,42,42,,,,,,,,65,,,7,0,7,,1191,1133,58,4255,,6,,,,0,4249,1167,1158,1080,78,6
1960,23,420450D0081C00,42,42,,,,,,,,35,,,9,4,5,,939,909,30,3671,,1,,,,14,3656,960,935,919,16,3
1960,23,420450D0082000,42,42,,,,,,,,151,,,101,67,34,,425,308,117,1458,,318,,,,4,1136,413,408,311,97,4
1960,23,420450D0083000,42,42,,,,,,,,595,,,61,28,33,,1264,702,562,3393,,124,,,,7,3262,879,859,615,244,3
1960,23,420450D0084000,42,42,,,,,,,,100,,,0,0,0,,328,228,100,885,,1,,,,0,884,233,229,202,27,3
1960,23,420450D0085000,42,42,,,,,,,,65,,,4,4,0,,1040,975,65,3818,,1,,,,3,3814,1095,1055,1010,45,33
1960,23,420450D0086000,42,42,,,,,,,,68,,,3,3,0,,1094,1026,68,4241,,0,,,,12,4229,1193,1171,1053,118,8
1960,23,420450D0087000,42,42,,,,,,,,319,,,8,0,8,,1675,1364,311,5761,,5,,,,0,5756,1621,1603,1466,137,10
1960,23,420450D0088000,42,42,,,,,,,,326,,,79,53,26,,1833,1533,300,6263,,202,,,,13,6048,1852,1818,1611,207,19
1960,23,420450D0089000,42,42,,,,,,,,79,,,7,0,7,,953,881,72,3635,,5,,,,0,3630,1053,1045,991,54,3
1960,23,420450D0090000,42,42,,,,,,,,156,,,0,0,0,,1190,1034,156,4361,,2,,,,1,4358,1283,1230,1100,130,7
1960,23,420450D0091000,42,42,,,,,,,,184,,,9,0,9,,1364,1189,175,4916,,3,,,,1,4912,1439,1424,1292,132,8
1960,23,420450D0092000,42,42,,,,,,,,116,,,0,0,0,,1418,1302,116,5470,,1,,,,3,5466,1485,1457,1391,66,21
1960,23,420450D0093000,42,42,,,,,,,,102,,,8,0,8,,745,651,94,2595,,2,,,,5,2588,780,769,716,53,5
1960,23,420450D0094000,42,42,,,,,,,,35,,,4,0,4,,759,728,31,2625,,1,,,,0,2624,756,751,723,28,4
1960,23,420450D0095000,42,42,,,,,,,,44,,,0,0,0,,1124,1080,44,4598,,1,,,,0,4597,1195,1181,1118,63,9
1960,23,420450D0096000,42,42,,,,,,,,608,,,126,67,59,,2042,1493,549,6462,,330,,,,7,6125,2052,1976,1162,814,55
1960,23,420450D0097000,42,42,,,,,,,,1941,,,62,7,55,,2679,793,1886,4910,,56,,,,13,4841,921,864,745,119,27
1960,23,420450D0098A00,42,42,,,,,,,,566,,,100,56,44,,2064,1542,522,6730,,259,,,,14,6457,2061,2004,1370,634,37
1960,23,420450D0098B00,42,42,,,,,,,,976,,,37,0,37,,1643,704,939,3595,,28,,,,5,3562,937,903,597,306,23
1960,23,420450D0099A00,42,42,,,,,,,,173,,,8,4,4,,1638,1469,169,6159,,15,,,,7,6137,1687,1600,1362,238,58
1960,23,420450D0099B00,42,42,,,,,,,,86,,,3,0,3,,807,724,83,3111,,0,,,,6,3105,854,823,732,91,11
1960,23,420450D0100000,42,42,,,,,,,,160,,,38,0,38,,417,295,122,1404,,117,,,,1,1286,365,333,257,76,9
1960,23,420450D0101000,42,42,,,,,,,,554,,,258,33,225,,698,369,329,2035,,557,,,,5,1473,468,410,321,89,9
1960,23,420450D0102000,42,42,,,,,,,,76,,,7,7,0,,291,215,76,1093,,57,,,,16,1020,339,305,217,88,20
1960,23,420450D0103000,42,42,,,,,,,,115,,,9,0,9,,773,667,106,3149,,217,,,,0,2932,938,775,600,175,29
1960,23,420450D0104000,42,42,,,,,,,,41,,,4,4,0,,499,458,41,1834,,3,,,,0,1831,505,485,413,72,9
1960,46,420910M0001A00,42,42,,,,,,,,29,,,0,0,0,,844,815,29,3072,,13,,,,0,3059,887,841,799,42,11
1960,46,420910M0001B00,42,42,,,,,,,,92,,,12,12,0,,778,686,92,2659,,72,,,,0,2587,839,792,668,124,18
1960,46,420910M0002000,42,42,,,,,,,,85,,,14,4,10,,277,202,75,1057,,15,,,,2,1040,258,258,183,75,1
1960,46,420910M0003A00,42,42,,,,,,,,57,,,0,0,0,,1141,1084,57,4319,,0,,,,1,4318,1163,1144,1009,135,8
1960,46,420910M0003B00,42,42,,,,,,,,34,,,18,18,0,,1182,1148,34,4623,,11,,,,6,4606,1216,1198,1093,105,12
1960,46,420910M0003C00,42,42,,,,,,,,327,,,8,4,4,,1730,1407,323,5585,,18,,,,15,5552,1805,1742,1311,431,43
1960,46,420910M0003D00,42,42,,,,,,,,154,,,27,11,16,,1744,1606,138,6505,,83,,,,17,6405,1752,1706,1598,108,18
1960,46,420910M0004000,42,42,,,,,,,,430,,,4,0,4,,2169,1743,426,7315,,5,,,,1,7309,2142,2112,1721,391,22
1960,46,420910M0005000,42,42,,,,,,,,519,,,27,19,8,,2727,2216,511,8933,,84,,,,3,8846,2561,2425,2109,316,47
1960,46,420910M0006000,42,42,,,,,,,,127,,,0,0,0,,842,715,127,2700,,1,,,,9,2690,867,816,686,130,20
1960,46,420910M0007000,42,42,,,,,,,,178,,,4,4,0,,1647,1469,178,5759,,3,,,,5,5751,1730,1659,1422,237,26
1960,46,420910M0008000,42,42,,,,,,,,90,,,0,0,0,,555,465,90,1941,,2,,,,1,1938,587,565,423,142,13
1960,46,420910M0009A00,42,42,,,,,,,,127,,,11,11,0,,867,740,127,2829,,12,,,,22,2795,899,874,624,250,12
1960,46,420910M0009B00,42,42,,,,,,,,155,,,0,0,0,,516,361,155,1513,,0,,,,1,1512,552,538,312,226,5
1960,46,420910M0009C00,42,42,,,,,,,,227,,,3,3,0,,742,515,227,2277,,0,,,,17,2260,740,712,462,250,16
1960,46,420910M0009D00,42,42,,,,,,,,264,,,8,8,0,,1275,1011,264,4050,,1,,,,1,4048,1272,1247,1037,210,11
1960,46,420910M0009E00,42,42,,,,,,,,110,,,0,0,0,,383,273,110,1081,,1,,,,1,1079,386,378,231,147,8
1960,46,420910M0009F00,42,42,,,,,,,,21,,,0,0,0,,214,193,21,862,,0,,,,0,862,197,197,185,12,0
1960,46,420910M0010A00,42,42,,,,,,,,103,,,19,12,7,,734,638,96,2701,,32,,,,2,2667,736,712,626,86,9
1960,46,420910M0010B00,42,42,,,,,,,,52,,,21,14,7,,541,496,45,1960,,86,,,,8,1866,581,553,471,82,10
1960,46,420910M0011000,42,42,,,,,,,,170,,,18,18,0,,1070,900,170,3673,,54,,,,6,3613,1161,1108,802,306,40
1960,46,420910M0012A00,42,42,,,,,,,,168,,,15,8,7,,487,326,161,1409,,45,,,,0,1364,425,395,321,74,9
1960,46,420910M0012B00,42,42,,,,,,,,183,,,165,112,53,,895,765,130,3137,,540,,,,4,2593,914,842,740,102,39
1960,46,420910M0013000,42,42,,,,,,,,364,,,164,117,47,,1884,1567,317,6765,,539,,,,7,6219,1989,1921,1319,602,44
1960,46,420910M0014A00,42,42,,,,,,,,119,,,12,4,8,,686,575,111,2407,,30,,,,0,2377,669,626,547,79,11
1960,46,420910M0014B00,42,42,,,,,,,,156,,,30,14,16,,901,761,140,3344,,128,,,,4,3212,952,902,729,173,35
1960,46,420910M0014C00,42,42,,,,,,,,252,,,218,128,90,,1198,1036,162,4433,,774,,,,1,3658,1178,1137,1023,114,25
1960,46,420910M0015000,42,42,,,,,,,,136,,,8,4,4,,964,832,132,3432,,27,,,,1,3404,884,864,844,20,9
1960,46,420910M0016A00,42,42,,,,,,,,604,,,545,371,174,,3413,2983,430,12808,,1878,,,,11,10919,3511,3386,3053,333,67
1960,46,420910M0016B00,42,42,,,,,,,,720,,,53,7,46,,3103,2429,674,9923,,43,,,,24,9856,2937,2878,2408,470,30
1960,46,420910M0017A00,42,42,,,,,,,,162,,,46,34,12,,1976,1826,150,7296,,165,,,,9,7122,2069,2021,1859,162,24
1960,46,420910M0017B00,42,42,,,,,,,,472,,,8,8,0,,2865,2393,472,9740,,41,,,,8,9691,3059,2971,2451,520,64
1960,46,420910M0018000,42,42,,,,,,,,183,,,8,0,8,,820,645,175,2544,,16,,,,1,2527,854,828,642,186,13
1960,46,420910M0019A00,42,42,,,,,,,,215,,,56,0,56,,1610,1451,159,5425,,42,,,,15,5368,1609,1564,1524,40,8
1960,46,420910M0019B00,42,42,,,,,,,,414,,,107,84,23,,1565,1174,391,4663,,398,,,,0,4265,1700,1559,1007,552,123
1960,46,420910M0020000,42,42,,,,,,,,171,,,0,0,0,,827,656,171,2587,,1,,,,0,2586,926,888,670,218,33
1960,46,420910M0021000,42,42,,,,,,,,1152,,,108,51,57,,2086,991,1095,5017,,233,,,,15,4769,1540,1489,1026,463,26
1960,46,420910M0022A00,42,42,,,,,,,,251,,,3,0,3,,1439,1191,248,4813,,6,,,,8,4799,1480,1423,1218,205,30
1960,46,420910M0022B00,42,42,,,,,,,,52,,,8,0,8,,846,802,44,3196,,5,,,,0,3191,846,846,842,4,3
1960,46,420910M0023000,42,42,,,,,,,,637,,,81,5,76,,2347,1786,561,7124,,84,,,,8,7032,2169,2129,1636,493,26
1960,46,420910M0024A00,42,42,,,,,,,,465,,,4,0,4,,1566,1105,461,3932,,1,,,,3,3928,1786,1755,16,1739,24
1960,46,420910M0024B00,42,42,,,,,,,,478,,,177,116,61,,1818,1401,417,5701,,569,,,,8,5124,1756,1714,1311,403,26
1960,46,420910M0025000,42,42,,,,,,,,150,,,28,4,24,,828,702,126,2894,,33,,,,9,2852,780,766,750,16,13
1960,46,420910M0026A00,42,42,,,,,,,,188,,,13,8,5,,1734,1551,183,6086,,72,,,,3,6011,1862,1818,1532,286,20
1960,46,420910M0026B00,42,42,,,,,,,,124,,,27,7,20,,614,510,104,2244,,61,,,,1,2182,645,630,531,99,9
1960,46,420910M0030000,42,42,,,,,,,,165,,,5,0,5,,633,473,160,1963,,11,,,,1,1951,595,563,429,134,13
1960,46,420910M0031A00,42,42,,,,,,,,157,,,9,0,9,,1762,1614,148,6783,,15,,,,0,6768,1802,1754,1586,168,29
1960,46,420910M0031B00,42,42,,,,,,,,83,,,4,4,0,,907,824,83,3540,,3,,,,0,3537,971,937,809,128,15
1960,46,420910M0032A00,42,42,,,,,,,,113,,,3,3,0,,718,605,113,2654,,1,,,,2,2651,732,690,587,103,16
1960,46,420910M0032B00,42,42,,,,,,,,229,,,128,68,60,,1245,1076,169,4677,,362,,,,6,4309,1274,1211,974,237,31
1960,46,420910M0033A00,42,42,,,,,,,,147,,,95,70,25,,1529,1407,122,5487,,373,,,,2,5112,1588,1553,1380,173,18
1960,46,420910M0033B00,42,42,,,,,,,,67,,,0,0,0,,657,590,67,2286,,2,,,,0,2284,625,608,563,45,10
1960,46,420910M0034000,42,42,,,,,,,,175,,,4,0,4,,2306,2135,171,8342,,2,,,,5,8335,2512,2386,2192,194,42
1960,46,420910M0035000,42,42,,,,,,,,184,,,322,262,60,,1206,1082,124,4714,,1228,,,,4,3482,1288,1237,974,263,28
1960,46,420910M0036000,42,42,,,,,,,,842,,,358,238,120,,2756,2034,722,9031,,1234,,,,25,7772,2754,2684,2012,672,29
1960,46,420910M0037000,42,42,,,,,,,,69,,,4,0,4,,97,32,65,4697,,452,,,,4,4241,44,44,4,40,0
1960,46,420910M0038000,42,42,,,,,,,,868,,,25,18,7,,3616,2755,861,12016,,141,,,,5,11870,3824,3698,2409,1289,80
1960,46,420910M0039000,42,42,,,,,,,,1271,,,477,257,220,,2639,1588,1051,8467,,1712,,,,3,6752,2628,2492,1192,1300,89
1960,46,420910M0040A00,42,42,,,,,,,,85,,,12,8,4,,1372,1291,81,5168,,9,,,,6,5153,1437,1410,1344,66,19
1960,46,420910M0040B00,42,42,,,,,,,,52,,,37,33,4,,612,564,48,2263,,125,,,,2,2136,633,611,483,128,13
1960,46,420910M0040C00,42,42,,,,,,,,54,,,11,11,0,,1068,1014,54,3999,,16,,,,1,3982,1092,1070,1010,60,9
1960,46,420910M0041A00,42,42,,,,,,,,194,,,4,4,0,,1555,1361,194,5830,,63,,,,0,5767,1738,1692,1430,262,32
1960,46,420910M0041B00,42,42,,,,,,,,255,,,87,84,3,,1156,904,252,4429,,495,,,,8,3926,1306,1230,782,448,51
1960,46,420910M0042000,42,42,,,,,,,,68,,,0,0,0,,538,470,68,2254,,22,,,,1,2231,625,605,472,133,8
1960,46,420910M0043000,42,42,,,,,,,,208,,,8,0,8,,699,499,200,2246,,12,,,,0,2234,733,712,433,279,13
1960,46,420910M0044000,42,42,,,,,,,,250,,,35,4,31,,1047,828,219,3588,,22,,,,7,3559,1068,1030,818,212,16
1960,46,420910M0045000,42,42,,,,,,,,478,,,53,12,41,,1655,1218,437,4971,,67,,,,14,4890,1572,1552,1179,373,6
1960,46,420910M0046000,42,42,,,,,,,,421,,,59,0,59,,1598,1236,362,5253,,57,,,,1,5195,1435,1402,1366,36,21
1960,46,420910M0047000,42,42,,,,,,,,172,,,39,6,33,,1277,1138,139,4769,,40,,,,14,4715,1299,1259,1140,119,15
1960,46,420910M0048000,42,42,,,,,,,,409,,,68,6,62,,1260,913,347,3796,,72,,,,2,3722,1092,1034,892,142,14
1960,46,420910M0049000,42,42,,,,,,,,936,,,113,12,101,,1741,906,835,4171,,121,,,,5,4045,1070,1018,884,134,31
1960,46,420910M0050000,42,42,,,,,,,,1354,,,252,65,187,,1617,450,1167,2955,,470,,,,21,2464,802,788,375,413,5
1960,46,420910M0051000,42,42,,,,,,,,945,,,87,26,61,,1382,498,884,2675,,92,,,,13,2570,909,821,351,470,73
1960,46,420910M0052000,42,42,,,,,,,,751,,,100,17,83,,1313,645,668,2938,,132,,,,8,2798,1126,1093,570,523,12
1960,46,420910M0053000,42,42,,,,,,,,437,,,275,156,119,,794,476,318,2265,,793,,,,3,1469,764,752,367,385,9
1960,46,420910M0054000,42,42,,,,,,,,1494,,,87,10,77,,2776,1359,1417,6185,,91,,,,10,6084,2148,2078,1125,953,52
1960,46,420910M0055000,42,42,,,,,,,,1358,,,298,144,154,,4444,3240,1204,13608,,824,,,,16,12768,4146,3986,3175,811,90
1960,46,420910M0056000,42,42,,,,,,,,441,,,4,0,4,,1624,1187,437,5109,,3,,,,3,5103,1773,1735,1119,616,22
1960,46,420910M0057000,42,42,,,,,,,,176,,,21,21,0,,1434,1258,176,5306,,70,,,,0,5236,1505,1440,1008,432,20
1960,46,420910M0058A00,42,42,,,,,,,,40,,,0,0,0,,101,61,40,257,,0,,,,0,257,89,89,21,68,0
1960,46,420910M0058B00,42,42,,,,,,,,68,,,5,0,5,,1915,1852,63,8045,,1,,,,9,8035,1981,1941,1757,184,22
1960,46,420910M0058C00,42,42,,,,,,,,81,,,0,0,0,,872,791,81,3327,,0,,,,4,3323,906,883,784,99,10
1960,46,420910M0059A00,42,42,,,,,,,,66,,,60,45,15,,713,662,51,2606,,160,,,,1,2445,781,727,677,50,43
1960,46,420910M0059B00,42,42,,,,,,,,78,,,8,4,4,,781,707,74,2861,,20,,,,5,2836,773,755,658,97,5
1960,46,420910M0060A00,42,42,,,,,,,,52,,,4,4,0,,589,537,52,2189,,0,,,,6,2183,715,620,453,167,28
1960,46,420910M0060B00,42,42,,,,,,,,260,,,0,0,0,,1417,1157,260,4877,,33,,,,4,4840,1420,1392,1211,181,9
1960,46,420910M0060C00,42,42,,,,,,,,101,,,4,0,4,,786,689,97,2889,,15,,,,2,2872,820,763,663,100,13
1960,46,420910M0061A00,42,42,,,,,,,,82,,,8,0,8,,644,570,74,2487,,27,,,,0,2460,648,620,509,111,10
1960,46,420910M0061B00,42,42,,,,,,,,86,,,12,12,0,,874,788,86,3120,,58,,,,3,3059,930,902,677,225,12
1960,46,420910M0062A00,42,42,,,,,,,,157,,,0,0,0,,641,484,157,2078,,0,,,,0,2078,678,664,512,152,6
1960,46,420910M0062B00,42,42,,,,,,,,141,,,0,0,0,,601,460,141,1891,,0,,,,0,1891,629,601,379,222,19
1960,46,420910M0063000,42,42,,,,,,,,898,,,3,0,3,,1254,359,895,2254,,7,,,,1,2246,519,489,309,180,9
1960,46,420910M0064000,42,42,,,,,,,,44,,,0,0,0,,389,345,44,1264,,0,,,,0,1264,399,386,319,67,4
1960,46,420910M0065000,42,42,,,,,,,,32,,,0,0,0,,539,507,32,1992,,0,,,,0,1992,592,523,421,102,22
1960,46,420910M0066000,42,42,,,,,,,,30,,,0,0,0,,190,160,30,620,,0,,,,3,617,196,190,108,82,3
1960,46,420910M0067A00,42,42,,,,,,,,48,,,0,0,0,,703,655,48,2721,,12,,,,5,2704,829,753,622,131,10
1960,46,420910M0067B00,42,42,,,,,,,,0,,,0,0,0,,0,0,0,2008,,1168,,,,3,837,0,0,0,0,0
1960,46,420910M0068000,42,42,,,,,,,,126,,,4,4,0,,940,814,126,3250,,0,,,,10,3240,999,933,767,166,14
1960,46,420910M0069000,42,42,,,,,,,,50,,,0,0,0,,970,920,50,3724,,0,,,,1,3723,1055,992,820,172,24
1960,46,420910M0070000,42,42,,,,,,,,44,,,8,8,0,,894,850,44,3389,,25,,,,0,3364,953,913,747,166,8
1960,46,420910M0071000,42,42,,,,,,,,85,,,3,3,0,,1021,936,85,3910,,4,,,,1,3905,1057,1018,826,192,14
1960,46,420910M0072A00,42,42,,,,,,,,95,,,0,0,0,,587,492,95,1952,,0,,,,0,1952,669,633,438,195,22
1960,46,420910M0072B00,42,42,,,,,,,,164,,,0,0,0,,1024,860,164,3429,,0,,,,0,3429,1081,1048,842,206,22
1960,46,420910M0073000,42,42,,,,,,,,40,,,8,3,5,,573,538,35,2183,,3,,,,0,2180,668,625,518,107,29
1960,46,420910M0074000,42,42,,,,,,,,24,,,0,0,0,,300,276,24,1068,,0,,,,1,1067,328,285,231,54,9
1960,46,420910M0075000,42,42,,,,,,,,41,,,0,0,0,,359,318,41,1273,,5,,,,1,1267,482,387,295,92,19
1960,46,420910M0076000,42,42,,,,,,,,166,,,7,3,4,,615,453,162,1875,,14,,,,5,1856,609,499,379,120,14
1960,46,420910M0077000,42,42,,,,,,,,18,,,0,0,0,,166,148,18,582,,0,,,,0,582,189,183,123,60,2
1960,46,420910M0078000,42,42,,,,,,,,52,,,0,0,0,,628,576,52,2293,,3,,,,2,2288,687,634,505,129,16
1960,46,420910M0079000,42,42,,,,,,,,45,,,0,0,0,,328,283,45,1086,,0,,,,0,1086,362,342,248,94,16
1960,46,420910M0080000,42,42,,,,,,,,134,,,0,0,0,,588,454,134,1698,,0,,,,0,1698,622,585,396,189,12
1960,46,420910M0081000,42,42,,,,,,,,106,,,0,0,0,,594,488,106,1931,,0,,,,5,1926,670,644,444,200,19
1960,46,420910M0082000,42,42,,,,,,,,61,,,0,0,0,,883,822,61,3083,,0,,,,0,3083,945,894,752,142,13
1960,46,420910M0083000,42,42,,,,,,,,78,,,3,3,0,,836,758,78,3218,,1,,,,6,3211,982,899,767,132,19
1960,46,420910M0084000,42,42,,,,,,,,30,,,0,0,0,,314,284,30,1157,,3,,,,1,1153,386,324,266,58,10
1960,46,420910M0085000,42,42,,,,,,,,65,,,0,0,0,,580,515,65,2108,,5,,,,3,2100,753,589,470,119,19
1960,46,420910M0086000,42,42,,,,,,,,177,,,8,4,4,,1403,1230,173,5110,,36,,,,0,5074,1516,1439,1148,291,31
1960,46,420910M0087000,42,42,,,,,,,,132,,,4,4,0,,1129,997,132,3824,,16,,,,3,3805,1201,1128,1008,120,21
1960,46,420910M0088A00,42,42,,,,,,,,227,,,0,0,0,,580,353,227,1708,,5,,,,5,1698,628,550,268,282,34
1960,46,420910M0088B00,42,42,,,,,,,,187,,,28,28,0,,1091,904,187,3655,,146,,,,4,3505,1195,1154,815,339,32
1960,46,420910M0089A00,42,42,,,,,,,,135,,,0,0,0,,967,832,135,3302,,0,,,,0,3302,1032,998,749,249,13
1960,46,420910M0089B00,42,42,,,,,,,,472,,,40,25,15,,2412,1955,457,7783,,202,,,,2,7579,2440,2388,1756,632,38
1960,46,420910M0089C00,42,42,,,,,,,,350,,,183,129,54,,1207,911,296,3900,,807,,,,1,3092,1259,1201,817,384,30
1960,46,420910M0089D00,42,42,,,,,,,,655,,,5,0,5,,1423,773,650,3565,,17,,,,0,3548,1553,1423,528,895,82
1960,46,420910M0090000,42,42,,,,,,,,72,,,67,56,11,,533,472,61,2231,,456,,,,9,1766,615,615,350,265,4
1960,46,420910M0091000,42,42,,,,,,,,43,,,14,14,0,,536,493,43,1987,,49,,,,0,1938,592,562,499,63,7
1960,46,420910M0092000,42,42,,,,,,,,166,,,29,29,0,,996,830,166,3501,,131,,,,6,3364,1064,1027,812,215,13
1960,46,420910M0101000,42,42,,,,,,,,74,,,9,9,0,,1172,1098,74,4477,,2,,,,9,4466,1225,1208,1032,176,11
1960,46,420910M0102000,42,42,,,,,,,,27,,,4,0,4,,867,844,23,3135,,1,,,,0,3134,889,877,858,19,3
1960,46,420910M0103000,42,42,,,,,,,,133,,,3,0,3,,1110,980,130,3963,,13,,,,1,3949,1103,1080,972,108,5
1960,46,420910M0104000,42,42,,,,,,,,130,,,9,0,9,,1221,1100,121,4634,,11,,,,1,4622,1283,1237,1115,122,26
1960,46,420910M0105000,42,42,,,,,,,,252,,,20,0,20,,1254,1022,232,4443,,22,,,,6,4415,1272,1244,1121,123,8
1960,51,4210100001A000,42,42,,,,,,,,12,,,0,0,0,,93,81,12,397,,0,,,,7,390,108,101,77,24,1
1960,51,4210100001B000,42,42,,,,,,,,864,,,143,67,76,,3317,2529,788,12102,,386,,,,45,11671,3781,3564,2320,1244,91
1960,51,4210100001C000,42,42,,,,,,,,656,,,21,10,11,,3767,3122,645,13613,,143,,,,5,13465,4087,3958,2791,1167,82
1960,51,4210100002A000,42,42,,,,,,,,419,,,379,234,145,,1184,910,274,4780,,1341,,,,1,3438,1420,1290,733,557,61
1960,51,4210100002B000,42,42,,,,,,,,809,,,468,194,274,,2136,1601,535,8025,,1665,,,,6,6354,2468,2208,1231,977,133
1960,51,4210100003A000,42,42,,,,,,,,600,,,475,266,209,,1042,651,391,3787,,1852,,,,1,1934,1308,1159,403,756,61
1960,51,4210100003B000,42,42,,,,,,,,787,,,412,143,269,,1282,764,518,4131,,1180,,,,0,2951,1671,1171,586,585,451
1960,51,4210100004A000,42,42,,,,,,,,622,,,373,175,198,,919,495,424,2990,,1374,,,,2,1614,1108,966,265,701,95
1960,51,4210100004B000,42,42,,,,,,,,1351,,,988,370,618,,1353,620,733,3981,,2681,,,,14,1286,1440,1287,278,1009,104
1960,51,4210100005A000,42,42,,,,,,,,1005,,,257,77,180,,1455,630,825,3378,,685,,,,3,2690,1622,1408,360,1048,88
1960,51,4210100006A000,42,42,,,,,,,,154,,,57,19,38,,185,69,116,421,,138,,,,2,281,219,209,80,129,8
1960,51,4210100007A000,42,42,,,,,,,,4209,,,1433,466,967,,4348,1106,3242,7219,,3117,,,,75,4027,4150,3729,229,3500,301
1960,51,4210100007C000,42,42,,,,,,,,4839,,,1441,364,1077,,5409,1647,3762,9860,,3191,,,,56,6613,5223,4791,1047,3744,202
1960,51,4210100008A000,42,42,,,,,,,,190,,,4,0,4,,226,40,186,286,,4,,,,3,279,242,225,9,216,16
1960,51,4210100008B000,42,42,,,,,,,,1922,,,42,21,21,,2258,357,1901,3240,,92,,,,50,3098,2209,2072,149,1923,103
1960,51,4210100008C000,42,42,,,,,,,,1305,,,29,0,29,,1666,390,1276,2432,,12,,,,11,2409,1730,1687,474,1213,41
1960,51,4210100008D000,42,42,,,,,,,,2337,,,28,6,22,,3297,982,2315,5191,,42,,,,15,5134,3380,3211,399,2812,130
1960,51,4210100009A000,42,42,,,,,,,,80,,,9,0,9,,71,0,71,71,,8,,,,0,63,39,39,0,39,1
1960,51,4210100009B000,42,42,,,,,,,,1084,,,12,0,12,,1217,145,1072,1575,,18,,,,9,1548,1076,949,28,921,115
1960,51,4210100010A000,42,42,,,,,,,,1340,,,288,85,203,,1272,135,1137,1735,,103,,,,509,1123,638,576,56,520,41
1960,51,4210100010B000,42,42,,,,,,,,1770,,,70,10,60,,2054,344,1710,2915,,66,,,,53,2796,1852,1741,189,1552,87
1960,51,4210100011A000,42,42,,,,,,,,341,,,152,89,63,,598,320,278,1850,,613,,,,9,1228,649,581,187,394,53
1960,51,4210100012A000,42,42,,,,,,,,402,,,198,119,79,,717,394,323,2142,,723,,,,7,1412,737,673,152,521,42
1960,51,4210100012B000,42,42,,,,,,,,234,,,130,77,53,,394,213,181,1284,,533,,,,8,743,417,362,127,235,27
1960,51,4210100013A000,42,42,,,,,,,,721,,,671,423,248,,1176,703,473,4850,,3461,,,,11,1378,1490,1386,211,1175,40
1960,51,4210100013B000,42,42,,,,,,,,1092,,,483,198,285,,1089,282,807,2369,,1609,,,,16,744,869,802,76,726,8
1960,51,4210100014A000,42,42,,,,,,,,1938,,,1808,977,831,,2236,1129,1107,9106,,8157,,,,29,920,3057,2714,258,2456,156
1960,51,4210100014B000,42,42,,,,,,,,386,,,106,45,61,,494,169,325,1237,,403,,,,15,819,452,405,104,301,40
1960,51,4210100015A000,42,42,,,,,,,,1849,,,1191,541,650,,2154,955,1199,6183,,3612,,,,91,2480,2378,2117,256,1861,200
1960,51,4210100015B000,42,42,,,,,,,,726,,,43,20,23,,1435,732,703,3132,,217,,,,20,2895,1649,1475,124,1351,142
1960,51,4210100015C000,42,42,,,,,,,,1113,,,981,609,372,,1956,1215,741,8615,,5189,,,,15,3411,2385,2173,919,1254,155
1960,51,4210100015D000,42,42,,,,,,,,813,,,50,45,5,,2603,1795,808,8769,,221,,,,23,8525,3110,2911,1594,1317,166
1960,51,4210100015E000,42,42,,,,,,,,1667,,,413,218,195,,3084,1612,1472,9289,,1649,,,,39,7601,3511,3086,508,2578,354
1960,51,4210100016A000,42,42,,,,,,,,814,,,152,79,73,,1694,953,741,5221,,567,,,,67,4587,1726,1562,702,860,134
1960,51,4210100017A000,42,42,,,,,,,,724,,,145,104,41,,1971,1288,683,6890,,469,,,,55,6366,2429,2095,920,1175,212
1960,51,4210100018A000,42,42,,,,,,,,274,,,0,0,0,,941,667,274,3275,,1,,,,4,3270,1105,974,613,361,73
1960,51,4210100018B000,42,42,,,,,,,,694,,,0,0,0,,2464,1770,694,8802,,0,,,,15,8787,2781,2550,1823,727,130
1960,51,4210100018D000,42,42,,,,,,,,164,,,0,0,0,,823,659,164,3118,,4,,,,2,3116,923,884,694,190,13
1960,51,4210100019A000,42,42,,,,,,,,988,,,91,55,36,,2480,1528,952,7938,,340,,,,47,7551,2510,2345,1325,1020,108
1960,51,4210100019B000,42,42,,,,,,,,1034,,,301,192,109,,2727,1802,925,9250,,1435,,,,47,7768,3060,2777,1603,1174,217
1960,51,4210100019C000,42,42,,,,,,,,370,,,18,14,4,,1234,868,366,4462,,97,,,,28,4337,1517,1359,802,557,124
1960,51,4210100019D000,42,42,,,,,,,,625,,,164,94,70,,1825,1270,555,6631,,741,,,,51,5839,2074,1917,1132,785,97
1960,51,4210100019E000,42,42,,,,,,,,423,,,116,93,23,,1376,976,400,5387,,594,,,,69,4724,1596,1463,893,570,93
1960,51,4210100020A000,42,42,,,,,,,,1151,,,1467,1005,462,,2027,1338,689,9090,,7256,,,,67,1767,2429,2227,690,1537,135
1960,51,4210100020B000,42,42,,,,,,,,2366,,,2194,1055,1139,,2332,1105,1227,7211,,6942,,,,32,237,2530,2219,299,1920,136
1960,51,4210100020D000,42,42,,,,,,,,1544,,,1325,809,516,,2536,1508,1028,9047,,5607,,,,34,3406,2848,2645,437,2208,166
1960,51,4210100020E000,42,42,,,,,,,,924,,,1031,690,341,,1821,1238,583,7037,,4305,,,,33,2699,2198,1964,380,1584,160
1960,51,4210100021A000,42,42,,,,,,,,579,,,9,5,4,,871,296,575,1416,,9,,,,27,1380,700,689,85,604,8
1960,51,4210100021B000,42,42,,,,,,,,78,,,4,4,0,,398,320,78,1292,,8,,,,1,1283,433,412,291,121,9
1960,51,4210100021C000,42,42,,,,,,,,4,,,0,0,0,,23,19,4,64,,0,,,,0,64,19,19,4,15,0
1960,51,4210100021D000,42,42,,,,,,,,8,,,0,0,0,,410,402,8,1507,,6,,,,0,1501,431,421,404,17,4
1960,51,4210100021F000,42,42,,,,,,,,32,,,0,0,0,,302,270,32,1068,,1,,,,0,1067,315,301,237,64,7
1960,51,4210100021H000,42,42,,,,,,,,8,,,4,4,0,,189,181,8,561,,5,,,,0,556,183,169,147,22,1
1960,51,4210100021J000,42,42,,,,,,,,38,,,0,0,0,,313,275,38,1082,,2,,,,6,1074,334,323,277,46,5
1960,51,4210100021K000,42,42,,,,,,,,40,,,0,0,0,,286,246,40,1004,,0,,,,0,1004,286,282,239,43,1
1960,51,4210100021L000,42,42,,,,,,,,72,,,0,0,0,,921,849,72,3574,,2,,,,3,3569,1103,996,941,55,10
1960,51,4210100021N000,42,42,,,,,,,,233,,,17,17,0,,1329,1096,233,4756,,82,,,,0,4674,1369,1343,1072,271,17
1960,51,4210100021Q000,42,42,,,,,,,,181,,,0,0,0,,766,585,181,2562,,12,,,,3,2547,802,782,662,120,17
1960,51,4210100021R000,42,42,,,,,,,,523,,,20,16,4,,1473,954,519,4576,,63,,,,1,4512,1435,1407,1055,352,14
1960,51,4210100021S000,42,42,,,,,,,,331,,,148,121,27,,1517,1213,304,5851,,570,,,,8,5273,1761,1677,1170,507,57
1960,51,4210100021T000,42,42,,,,,,,,303,,,14,14,0,,1829,1526,303,7077,,99,,,,1,6977,2088,2009,1623,386,50
1960,51,4210100021U000,42,42,,,,,,,,183,,,0,0,0,,757,574,183,2338,,0,,,,2,2336,774,736,590,146,4
1960,51,4210100021V000,42,42,,,,,,,,274,,,0,0,0,,1204,930,274,4033,,6,,,,0,4027,1350,1289,868,421,39
1960,51,4210100022A000,42,42,,,,,,,,362,,,346,280,66,,1377,1081,296,5134,,1325,,,,12,3797,1441,1406,1198,208,27
1960,51,4210100022B000,42,42,,,,,,,,54,,,73,68,5,,313,264,49,1307,,411,,,,8,888,401,327,242,85,73
1960,51,4210100022C000,42,42,,,,,,,,70,,,167,159,8,,774,712,62,2590,,545,,,,10,2035,793,786,621,165,5
1960,51,4210100022D000,42,42,,,,,,,,435,,,489,429,60,,1903,1528,375,5864,,1540,,,,16,4308,1991,1948,1378,570,26
1960,51,4210100022E000,42,42,,,,,,,,330,,,85,67,18,,1091,779,312,3431,,288,,,,5,3138,1141,1111,785,326,10
1960,51,4210100022F000,42,42,,,,,,,,234,,,7,0,7,,998,771,227,3244,,1,,,,9,3234,1009,989,769,220,4
1960,51,4210100022G000,42,42,,,,,,,,229,,,13,0,13,,715,499,216,2176,,5,,,,1,2170,733,705,405,300,22
1960,51,4210100022H000,42,42,,,,,,,,148,,,0,0,0,,472,324,148,1559,,2,,,,0,1557,498,486,362,124,4
1960,51,4210100022I000,42,42,,,,,,,,233,,,25,5,20,,275,62,213,497,,10,,,,4,483,98,98,77,21,1
1960,51,4210100022J000,42,42,,,,,,,,599,,,4,0,4,,638,43,595,741,,8,,,,7,726,63,58,54,4,1
1960,51,4210100022K000,42,42,,,,,,,,521,,,1165,971,194,,1742,1415,327,6535,,4671,,,,38,1826,2029,1970,1377,593,39
1960,51,4210100022L000,42,42,,,,,,,,1226,,,1599,1298,301,,3139,2214,925,10208,,5756,,,,81,4371,3368,3225,1892,1333,110
1960,51,4210100022M000,42,42,,,,,,,,189,,,46,42,4,,784,599,185,2738,,208,,,,0,2530,830,817,670,147,10
1960,51,4210100022N000,42,42,,,,,,,,991,,,277,165,112,,2353,1474,879,7727,,1002,,,,17,6708,2373,2236,1412,824,88
1960,51,4210100022O000,42,42,,,,,,,,764,,,526,327,199,,1390,825,565,4695,,2348,,,,1,2346,1442,1358,650,708,53
1960,51,4210100022P000,42,42,,,,,,,,722,,,381,238,143,,1930,1351,579,6536,,1411,,,,10,5115,2137,1983,1275,708,80
1960,51,4210100023A000,42,42,,,,,,,,106,,,0,0,0,,325,219,106,999,,1,,,,1,997,315,306,233,73,2
1960,51,4210100023B000,42,42,,,,,,,,244,,,0,0,0,,1722,1478,244,5793,,0,,,,0,5793,1847,1813,1566,247,18
1960,51,4210100023D000,42,42,,,,,,,,493,,,9,9,0,,2224,1731,493,6938,,0,,,,8,6930,2436,2391,1902,489,21
1960,51,4210100023E000,42,42,,,,,,,,922,,,0,0,0,,2288,1366,922,5940,,7,,,,7,5926,2474,2386,1175,1211,69
1960,51,4210100023F000,42,42,,,,,,,,332,,,5,0,5,,1212,885,327,4051,,18,,,,4,4029,1356,1298,809,489,32
1960,51,4210100023G000,42,42,,,,,,,,1001,,,361,293,68,,2755,1822,933,8391,,1624,,,,13,6754,2949,2858,1729,1129,79
1960,51,4210100023H000,42,42,,,,,,,,330,,,67,47,20,,1617,1307,310,5580,,232,,,,11,5337,1767,1719,1230,489,26
1960,51,4210100023I000,42,42,,,,,,,,504,,,90,59,31,,1483,1010,473,4903,,432,,,,13,4458,1625,1524,908,616,61
1960,51,4210100023J000,42,42,,,,,,,,56,,,0,0,0,,398,342,56,1418,,2,,,,0,1416,448,430,356,74,11
1960,51,4210100023K000,42,42,,,,,,,,203,,,0,0,0,,807,604,203,2787,,0,,,,0,2787,938,894,670,224,24
1960,51,4210100024A000,42,42,,,,,,,,527,,,16,8,8,,1630,1111,519,4119,,33,,,,12,4074,1873,1605,401,1204,250
1960,51,4210100024B000,42,42,,,,,,,,0,,,0,0,0,,18,18,0,84,,0,,,,0,42,19,19,0,19,0
1960,51,4210100024C000,42,42,,,,,,,,1881,,,2217,1337,880,,2460,1459,1001,8487,,7867,,,,43,577,2564,2422,1060,1362,89
1960,51,4210100024D000,42,42,,,,,,,,2647,,,2950,1687,1263,,3104,1720,1384,11805,,11352,,,,14,439,3302,2992,1172,1820,209
1960,51,4210100024E000,42,42,,,,,,,,1136,,,1179,686,493,,1383,740,643,5081,,4647,,,,11,423,1590,1364,430,934,180
1960,51,4210100024F000,42,42,,,,,,,,2085,,,910,411,499,,2293,707,1586,5436,,2728,,,,45,2663,1939,1671,271,1400,216
1960,51,4210100024G000,42,42,,,,,,,,1404,,,1310,629,681,,1352,629,723,4075,,3991,,,,8,76,1522,1424,461,963,60
1960,51,4210100024H000,42,42,,,,,,,,1016,,,1096,607,489,,1148,621,527,4025,,3871,,,,6,148,1241,1174,472,702,36
1960,51,4210100024I000,42,42,,,,,,,,2144,,,1530,719,811,,2221,888,1333,6060,,4781,,,,31,1248,2213,2005,460,1545,164
1960,51,4210100024J000,42,42,,,,,,,,1428,,,1655,1142,513,,2588,1673,915,8857,,6396,,,,25,2436,3068,2794,1027,1767,235
1960,51,4210100024K000,42,42,,,,,,,,0,,,0,0,0,,0,0,0,0,,0,,,,0,0,0,0,0,0,0
1960,51,4210100025A000,42,42,,,,,,,,806,,,8,4,4,,2910,2108,802,9533,,0,,,,20,9513,3327,3172,1945,1227,113
1960,51,4210100025B000,42,42,,,,,,,,379,,,106,90,16,,2369,2006,363,9258,,456,,,,28,8816,2728,2627,2184,443,67
1960,51,4210100025C000,42,42,,,,,,,,550,,,5,5,0,,3221,2671,550,12291,,0,,,,8,12283,3778,3648,2913,735,70
1960,51,4210100025D000,42,42,,,,,,,,89,,,4,4,0,,237,148,89,793,,0,,,,3,790,258,237,164,73,8
1960,51,4210100026A000,42,42,,,,,,,,1128,,,1008,503,505,,1244,621,623,3854,,3218,,,,12,624,1342,1239,503,736,84
1960,51,4210100026B000,42,42,,,,,,,,227,,,51,34,17,,1053,843,210,3947,,202,,,,18,3727,1273,1185,723,462,56
1960,51,4210100026C000,42,42,,,,,,,,302,,,8,4,4,,1915,1617,298,7641,,773,,,,1,6867,2109,2025,1436,589,66
1960,51,4210100026D000,42,42,,,,,,,,921,,,744,481,263,,3164,2506,658,11311,,2706,,,,11,8594,3451,3314,2241,1073,93
1960,51,4210100026E000,42,42,,,,,,,,1048,,,20,4,16,,5078,4046,1032,17403,,7,,,,19,17377,5320,5158,3837,1321,85
1960,51,4210100026F000,42,42,,,,,,,,30,,,3,0,3,,93,66,27,330,,12,,,,0,318,88,74,49,25,0
1960,51,4210100027A000,42,42,,,,,,,,2141,,,286,89,197,,2169,225,1944,2831,,460,,,,69,2302,859,767,90,677,62
1960,51,4210100027B000,42,42,,,,,,,,4433,,,392,165,227,,5102,896,4206,7337,,814,,,,198,6325,3591,3308,349,2959,220
1960,51,4210100027C000,42,42,,,,,,,,3031,,,395,171,224,,4173,1366,2807,7700,,908,,,,97,6695,4212,3905,566,3339,242
1960,51,4210100027D000,42,42,,,,,,,,677,,,295,183,112,,996,431,565,2434,,1035,,,,23,1376,1035,965,209,756,51
1960,51,4210100027E000,42,42,,,,,,,,3660,,,732,0,732,,2934,6,2928,3319,,857,,,,20,2442,6,6,0,6,0
1960,51,4210100028A000,42,42,,,,,,,,3158,,,4089,2578,1511,,4354,2707,1647,15698,,14971,,,,47,680,4759,4477,2471,2006,209
1960,51,4210100028B000,42,42,,,,,,,,1998,,,2648,1700,948,,2867,1817,1050,10574,,9915,,,,9,650,3055,2926,1626,1300,95
1960,51,4210100028C000,42,42,,,,,,,,2309,,,3693,2651,1042,,4272,3005,1267,16796,,14946,,,,32,1818,4621,4411,2755,1656,128
1960,51,4210100028D000,42,42,,,,,,,,1107,,,1552,1116,436,,2077,1406,671,7548,,6398,,,,1,1149,2166,2080,1290,790,69
1960,51,4210100029A000,42,42,,,,,,,,2371,,,2871,1766,1105,,3110,1844,1266,11241,,10706,,,,11,524,3522,3317,1601,1716,167
1960,51,4210100029B000,42,42,,,,,,,,9,,,6,3,3,,15,9,6,50,,6,,,,0,44,10,10,0,10,0
1960,51,4210100029C000,42,42,,,,,,,,1228,,,1410,1015,395,,2683,1850,833,9778,,5869,,,,20,3889,3017,2870,1861,1009,110
1960,51,4210100029D000,42,42,,,,,,,,1296,,,1575,972,603,,1790,1097,693,7181,,6514,,,,19,648,2037,1922,977,945,67
1960,51,4210100030A000,42,42,,,,,,,,4271,,,3051,970,2081,,3178,988,2190,7220,,6988,,,,36,196,3027,2821,531,2290,142
1960,51,4210100030B000,42,42,,,,,,,,2992,,,2590,1184,1406,,2976,1390,1586,9240,,7647,,,,27,1566,2960,2814,1206,1608,80
1960,51,4210100030C000,42,42,,,,,,,,3413,,,2551,882,1669,,2630,886,1744,7067,,6952,,,,16,99,2689,2461,508,1953,163
1960,51,4210100031A000,42,42,,,,,,,,823,,,7,3,4,,2790,1971,819,9982,,1,,,,29,9952,3353,3072,1810,1262,188
1960,51,4210100031B000,42,42,,,,,,,,592,,,12,8,4,,2895,2307,588,11091,,16,,,,18,11057,3378,3214,2481,733,81
1960,51,4210100032A000,42,42,,,,,,,,2336,,,1818,976,842,,2511,1017,1494,7942,,7148,,,,28,766,2608,2242,296,1946,239
1960,51,4210100032C000,42,42,,,,,,,,3663,,,3545,1785,1760,,3736,1833,1903,11541,,11145,,,,29,367,4138,3748,861,2887,319
1960,51,4210100032D000,42,42,,,,,,,,4310,,,4548,2429,2119,,4620,2429,2191,16833,,16711,,,,23,99,5176,4835,1253,3582,200
1960,51,4210100032E000,42,42,,,,,,,,2737,,,3939,2689,1250,,4366,2879,1487,17458,,16508,,,,38,912,4872,4635,2034,2601,157
1960,51,4210100032F000,42,42,,,,,,,,73,,,132,104,28,,168,123,45,723,,679,,,,0,44,202,184,68,116,15
1960,51,4210100033B000,42,42,,,,,,,,377,,,8,8,0,,2451,2074,377,8165,,0,,,,13,8152,2635,2549,1893,656,62
1960,51,4210100033C000,42,42,,,,,,,,227,,,0,0,0,,2576,2349,227,8593,,1,,,,9,8583,2729,2687,2519,168,27
1960,51,4210100033D000,42,42,,,,,,,,4,,,0,0,0,,39,35,4,150,,0,,,,0,150,50,50,35,15,2
1960,51,4210100033E000,42,42,,,,,,,,4,,,0,0,0,,47,43,4,280,,101,,,,1,178,48,48,40,8,3
1960,51,4210100033F000,42,42,,,,,,,,226,,,7,7,0,,889,663,226,2933,,33,,,,15,2885,1014,986,763,223,14
1960,51,4210100033G000,42,42,,,,,,,,627,,,8,8,0,,2912,2285,627,10261,,2,,,,22,10237,3348,3246,2538,708,76
1960,51,4210100033H000,42,42,,,,,,,,583,,,12,4,8,,2641,2066,575,9042,,3,,,,5,9034,2832,2769,2248,521,38
1960,51,4210100033I000,42,42,,,,,,,,880,,,0,0,0,,3445,2565,880,12045,,0,,,,25,12020,3921,3748,2744,1004,123
1960,51,4210100033J000,42,42,,,,,,,,997,,,9,4,5,,4137,3145,992,14153,,2,,,,44,14107,4738,4526,3324,1202,138
1960,51,4210100034I000,42,42,,,,,,,,822,,,283,258,25,,2524,1727,797,7970,,1077,,,,9,6884,2937,2823,1700,1123,82
1960,51,4210100034J000,42,42,,,,,,,,704,,,5,0,5,,1438,739,699,3982,,63,,,,6,3913,1342,1287,651,636,40
1960,51,4210100034K000,42,42,,,,,,,,20,,,4,0,4,,147,131,16,505,,7,,,,0,498,134,131,131,0,0
1960,51,4210100034M000,42,42,,,,,,,,155,,,4,4,0,,1499,1344,155,5633,,3,,,,0,5630,1656,1623,1448,175,14
1960,51,4210100034N000,42,42,,,,,,,,151,,,12,0,12,,2803,2664,139,10237,,5,,,,2,10230,2958,2928,2580,348,26
1960,51,4210100034O000,42,42,,,,,,,,0,,,0,0,0,,0,0,0,0,,0,,,,0,8,4,0,0,0,0
1960,51,4210100034P000,42,42,,,,,,,,818,,,1389,1092,297,,2059,1538,521,7539,,5531,,,,23,1985,2316,2217,1565,652,68
1960,51,4210100034R000,42,42,,,,,,,,245,,,0,0,0,,1721,1476,245,6053,,0,,,,5,6048,1737,1698,1312,386,28
1960,51,4210100034S000,42,42,,,,,,,,1067,,,1367,1013,354,,2605,1892,713,8969,,5006,,,,14,3949,2816,2700,1848,852,82
1960,51,4210100035A000,42,42,,,,,,,,187,,,0,0,0,,817,630,187,2530,,6,,,,4,2520,894,845,589,256,35
1960,51,4210100035B000,42,42,,,,,,,,407,,,0,0,0,,2121,1714,407,6596,,2,,,,10,6584,2249,2160,1589,571,71
1960,51,4210100035C000,42,42,,,,,,,,413,,,0,0,0,,3631,3218,413,12358,,1,,,,0,12357,3854,3803,3107,696,27
1960,51,4210100035D000,42,42,,,,,,,,56,,,6,0,6,,231,181,50,654,,0,,,,5,649,228,220,126,94,4
1960,51,4210100035E000,42,42,,,,,,,,213,,,22,17,5,,2314,2106,208,8915,,0,,,,21,8894,2499,2449,1955,494,38
1960,51,4210100035F000,42,42,,,,,,,,168,,,4,4,0,,1449,1281,168,5249,,6,,,,14,5229,1580,1563,1077,486,9
1960,51,4210100035G000,42,42,,,,,,,,277,,,0,0,0,,1399,1122,277,4626,,2,,,,1,4623,1407,1386,1116,270,15
1960,51,4210100036A000,42,42,,,,,,,,1706,,,1497,659,838,,1531,663,868,4614,,4554,,,,10,50,1472,1429,625,804,27
1960,51,4210100036B000,42,42,,,,,,,,1763,,,2167,1354,813,,2710,1760,950,9998,,7845,,,,96,2057,3005,2890,1614,1276,64
1960,51,4210100036C000,42,42,,,,,,,,821,,,1097,725,372,,1252,803,449,5046,,4495,,,,22,529,1373,1332,780,552,28
1960,51,4210100036D000,42,42,,,,,,,,827,,,632,430,202,,3533,2908,625,14971,,2755,,,,39,12177,4164,4026,2389,1637,69
1960,51,4210100036E000,42,42,,,,,,,,95,,,152,114,38,,265,208,57,1000,,553,,,,1,446,287,267,171,96,8
1960,51,4210100036F000,42,42,,,,,,,,763,,,908,611,297,,2422,1956,466,9677,,3340,,,,15,6322,2737,2642,1869,773,61
1960,51,4210100037A000,42,42,,,,,,,,766,,,84,45,39,,1237,510,727,2833,,115,,,,66,2652,1157,1062,454,608,69
1960,51,4210100037B000,42,42,,,,,,,,727,,,421,322,99,,1626,998,628,5088,,1769,,,,31,3288,1783,1686,1009,677,86
1960,51,4210100037C000,42,42,,,,,,,,877,,,1049,645,404,,1153,680,473,3975,,3768,,,,10,197,1284,1173,418,755,61
1960,51,4210100037F000,42,42,,,,,,,,1285,,,1409,935,474,,1922,1111,811,6842,,5632,,,,43,1167,2047,1906,924,982,117
1960,51,4210100038A000,42,42,,,,,,,,270,,,118,85,33,,1103,866,237,4033,,560,,,,0,3473,1279,1218,896,322,36
1960,51,4210100038C000,42,42,,,,,,,,423,,,8,4,4,,900,481,419,1985,,9,,,,5,1971,951,917,247,670,14
1960,51,4210100038D000,42,42,,,,,,,,673,,,100,84,16,,2798,2141,657,10428,,481,,,,29,9918,3077,2975,1763,1212,72
1960,51,4210100038E000,42,42,,,,,,,,198,,,57,57,0,,1234,1036,198,5432,,409,,,,17,5006,1523,1468,578,890,51
1960,51,4210100038F000,42,42,,,,,,,,352,,,0,0,0,,1800,1448,352,6510,,20,,,,3,6487,1944,1902,1655,247,24
1960,51,4210100038G000,42,42,,,,,,,,2185,,,2589,1767,822,,3552,2189,1363,11361,,9111,,,,17,2233,3845,3560,1571,1989,241
1960,51,4210100038H000,42,42,,,,,,,,4366,,,3453,2148,1305,,5892,2831,3061,15552,,11305,,,,37,4210,5734,5373,2272,3101,303
1960,51,4210100038I000,42,42,,,,,,,,481,,,471,336,135,,1501,1155,346,5593,,1836,,,,3,3754,1686,1600,1085,515,59
1960,51,4210100038J000,42,42,,,,,,,,748,,,147,98,49,,3458,2759,699,12694,,774,,,,17,11903,3960,3796,3081,715,131
1960,51,4210100039A000,42,42,,,,,,,,4,,,0,0,0,,12,8,4,24,,0,,,,0,14,8,8,4,4,0
1960,51,4210100039B000,42,42,,,,,,,,656,,,74,43,31,,4101,3476,625,15081,,182,,,,36,14863,4512,4379,3542,837,80
1960,51,4210100039C000,42,42,,,,,,,,875,,,460,346,114,,5016,4255,761,18671,,2138,,,,40,16493,5728,5477,3828,1649,167
1960,51,4210100039D000,42,42,,,,,,,,575,,,11,0,11,,4035,3471,564,14372,,13,,,,23,14336,4270,4116,3253,863,95
1960,51,4210100039E000,42,42,,,,,,,,123,,,12,4,8,,1204,1089,115,4293,,0,,,,6,4287,1323,1297,1172,125,12
1960,51,4210100039F000,42,42,,,,,,,,59,,,71,57,14,,405,360,45,1584,,302,,,,5,1277,443,436,365,71,4
1960,51,4210100039G000,42,42,,,,,,,,34,,,0,0,0,,196,162,34,721,,0,,,,0,721,199,196,171,25,1
1960,51,4210100039H000,42,42,,,,,,,,0,,,0,0,0,,0,0,0,0,,0,,,,0,0,0,0,0,0,0
1960,51,4210100039K000,42,42,,,,,,,,886,,,66,0,66,,901,81,820,1128,,52,,,,5,1075,81,81,0,81,3
1960,51,4210100040A000,42,42,,,,,,,,540,,,54,45,9,,2351,1820,531,8056,,176,,,,4,7886,2587,2500,1688,812,57
1960,51,4210100040B000,42,42,,,,,,,,361,,,0,0,0,,1474,1113,361,5556,,8,,,,4,5544,1627,1587,1203,384,25
1960,51,4210100040C000,42,42,,,,,,,,357,,,0,0,0,,2578,2221,357,9501,,1,,,,13,9487,2754,2683,2306,377,43
1960,51,4210100040D000,42,42,,,,,,,,0,,,0,0,0,,0,0,0,0,,0,,,,0,0,0,0,0,0,0
1960,51,4210100040E000,42,42,,,,,,,,66,,,0,0,0,,627,561,66,2260,,1,,,,0,2259,712,671,579,92,33
1960,51,4210100040F000,42,42,,,,,,,,177,,,0,0,0,,1460,1283,177,5367,,2,,,,5,5360,1597,1573,1415,158,14
1960,51,4210100040G000,42,42,,,,,,,,490,,,158,96,62,,1595,1167,428,5805,,787,,,,18,5000,1763,1662,1120,542,73
1960,51,4210100040H000,42,42,,,,,,,,234,,,139,115,24,,1502,1292,210,5780,,585,,,,0,5195,1625,1595,1337,258,12
1960,51,4210100040I000,42,42,,,,,,,,134,,,9,9,0,,1389,1255,134,5276,,60,,,,0,5216,1574,1539,1334,205,26
1960,51,4210100040J000,42,42,,,,,,,,0,,,0,0,0,,4,4,0,22,,0,,,,0,15,16,4,0,4,1
1960,51,4210100040K000,42,42,,,,,,,,111,,,24,22,2,,937,828,109,3509,,148,,,,4,3357,1007,947,785,162,31
1960,51,4210100040L000,42,42,,,,,,,,238,,,224,133,91,,624,477,147,2354,,906,,,,5,1443,739,643,298,345,14
1960,51,4210100040M000,42,42,,,,,,,,230,,,221,112,109,,330,209,121,1201,,752,,,,3,446,565,299,198,101,47
1960,51,4210100040N000,42,42,,,,,,,,73,,,110,82,28,,212,167,45,846,,530,,,,6,310,321,226,156,70,1
1960,51,4210100040O000,42,42,,,,,,,,236,,,273,175,98,,450,312,138,1574,,923,,,,7,636,521,407,246,161,6
1960,51,4210100040R000,42,42,,,,,,,,0,,,0,0,0,,7,7,0,11,,0,,,,0,20,7,7,7,0,0
1960,51,4210100040S000,42,42,,,,,,,,9,,,0,0,0,,109,100,9,313,,0,,,,1,312,121,121,121,0,0
1960,51,4210100041A000,42,42,,,,,,,,275,,,0,0,0,,718,443,275,2043,,0,,,,2,2041,490,482,474,8,1
1960,51,4210100041B000,42,42,,,,,,,,66,,,0,0,0,,241,175,66,744,,5,,,,0,739,237,198,155,43,19
1960,51,4210100041C000,42,42,,,,,,,,45,,,0,0,0,,950,905,45,3986,,44,,,,4,3938,1066,999,528,471,54
1960,51,4210100041D000,42,42,,,,,,,,0,,,0,0,0,,0,0,0,0,,0,,,,0,5,0,0,0,0,0
1960,51,4210100041E000,42,42,,,,,,,,8,,,4,0,4,,4,0,4,3059,,1573,,,,1,1488,2,0,0,0,2
1960,51,4210100041G000,42,42,,,,,,,,253,,,82,54,28,,1328,1103,225,4844,,388,,,,8,4448,1408,1358,1067,291,30
1960,51,4210100041H000,42,42,,,,,,,,319,,,4,4,0,,2777,2458,319,9990,,3,,,,8,9979,2890,2852,2519,333,15
1960,51,4210100041I000,42,42,,,,,,,,295,,,17,13,4,,2489,2198,291,8792,,79,,,,10,8703,2638,2588,2131,457,40
1960,51,4210100041J000,42,42,,,,,,,,270,,,15,4,11,,2453,2194,259,8552,,0,,,,8,8551,2595,2543,2236,307,31
1960,51,4210100041K000,42,42,,,,,,,,210,,,0,0,0,,1630,1420,210,5743,,0,,,,0,5743,1780,1724,1461,263,49
1960,51,4210100041L000,42,42,,,,,,,,250,,,0,0,0,,1349,1099,250,4478,,1,,,,4,4473,1453,1416,1106,310,21
1960,51,4210100041M000,42,42,,,,,,,,162,,,4,4,0,,1311,1149,162,4406,,0,,,,12,4394,1422,1386,1195,191,30
1960,51,4210100041N000,42,42,,,,,,,,473,,,0,0,0,,2152,1679,473,6888,,0,,,,7,6881,2260,2194,1643,551,48
1960,51,4210100041O000,42,42,,,,,,,,8,,,0,0,0,,88,80,8,308,,0,,,,0,308,88,88,63,25,3
1960,51,4210100041P000,42,42,,,,,,,,26,,,3,3,0,,70,44,26,253,,10,,,,0,243,84,75,48,27,6
1960,51,4210100041Q000,42,42,,,,,,,,73,,,41,29,12,,177,116,61,855,,239,,,,3,613,174,174,120,54,9
1960,51,4210100042A000,42,42,,,,,,,,262,,,0,0,0,,1812,1550,262,6082,,3,,,,3,6076,1922,1902,1636,266,13
1960,51,4210100042B000,42,42,,,,,,,,769,,,4,0,4,,3301,2536,765,10381,,0,,,,3,10378,3619,3539,2785,754,44
1960,51,4210100042C000,42,42,,,,,,,,339,,,0,0,0,,1482,1143,339,4693,,2,,,,0,4691,1699,1670,1364,306,13
1960,51,4210100042D000,42,42,,,,,,,,208,,,4,4,0,,735,527,208,2274,,0,,,,4,2264,787,770,604,166,9
1960,51,4210100042E000,42,42,,,,,,,,572,,,0,0,0,,2275,1703,572,7168,,0,,,,3,7165,2430,2388,1893,495,18
1960,51,4210100042F000,42,42,,,,,,,,337,,,3,3,0,,1997,1660,337,6246,,3,,,,1,6242,2101,2064,1592,472,22
1960,51,4210100042G000,42,42,,,,,,,,436,,,0,0,0,,3008,2572,436,9804,,1,,,,10,9793,3233,3177,2693,484,35
1960,51,4210100042H000,42,42,,,,,,,,327,,,8,4,4,,1448,1125,323,4452,,0,,,,14,4438,1576,1541,1197,344,21
1960,51,4210100042I000,42,42,,,,,,,,186,,,0,0,0,,797,611,186,2469,,0,,,,2,2467,859,834,623,211,21
1960,51,4210100043A000,42,42,,,,,,,,542,,,0,0,0,,2227,1685,542,7036,,0,,,,12,7024,2398,2346,1997,349,28
1960,51,4210100043B000,42,42,,,,,,,,505,,,213,127,86,,1568,1149,419,5251,,654,,,,29,4568,1708,1648,1181,467,43
1960,51,4210100043C000,42,42,,,,,,,,1074,,,98,74,24,,2019,969,1050,5582,,457,,,,3,5122,2067,1901,1024,877,144
1960,51,4210100043D000,42,42,,,,,,,,449,,,4,4,0,,2130,1681,449,7220,,26,,,,11,7183,2333,2262,1832,430,59
1960,51,4210100043E000,42,42,,,,,,,,877,,,57,49,8,,3309,2440,869,10887,,164,,,,42,10681,3791,3579,2606,973,146
1960,51,4210100043F000,42,42,,,,,,,,552,,,8,8,0,,1929,1377,552,6257,,6,,,,11,6240,2091,1978,1368,610,81
1960,51,4210100044A000,42,42,,,,,,,,1111,,,913,553,360,,2398,1647,751,8557,,3405,,,,7,5145,2504,2357,1411,946,96
1960,51,4210100044B000,42,42,,,,,,,,1456,,,1891,1181,710,,2003,1257,746,8328,,7794,,,,9,525,2222,2118,902,1216,45
1960,51,4210100044C000,42,42,,,,,,,,1196,,,1484,936,548,,1693,1045,648,5090,,4570,,,,19,501,1628,1585,985,600,27
1960,51,4210100044D000,42,42,,,,,,,,995,,,1497,1096,401,,1766,1172,594,7186,,6054,,,,16,1116,1724,1691,1237,454,25
1960,51,4210100044E000,42,42,,,,,,,,2288,,,2375,1319,1056,,2634,1402,1232,7298,,6775,,,,30,493,2606,2515,1468,1047,49
1960,51,4210100045A000,42,42,,,,,,,,222,,,0,0,0,,891,669,222,3035,,0,,,,0,3035,900,864,719,145,18
1960,51,4210100045C000,42,42,,,,,,,,292,,,0,0,0,,1650,1358,292,5796,,1,,,,3,5790,1700,1664,1518,146,15
1960,51,4210100045D000,42,42,,,,,,,,10,,,0,0,0,,99,89,10,354,,0,,,,0,354,114,108,100,8,0
1960,51,4210100045E000,42,42,,,,,,,,127,,,0,0,0,,441,314,127,1368,,0,,,,1,1367,409,389,315,74,8
1960,51,4210100045G000,42,42,,,,,,,,683,,,4,4,0,,2787,2104,683,9428,,0,,,,21,9407,3095,2961,2250,711,73
1960,51,4210100045H000,42,42,,,,,,,,198,,,16,16,0,,723,525,198,2412,,63,,,,7,2342,791,751,579,172,20
1960,51,4210100045I000,42,42,,,,,,,,421,,,4,4,0,,1909,1488,421,6670,,11,,,,0,6659,2043,2004,1781,223,11
1960,51,4210100045J000,42,42,,,,,,,,48,,,4,4,0,,300,252,48,1170,,23,,,,0,1147,344,335,268,67,2
1960,51,4210100046A000,42,42,,,,,,,,2237,,,645,437,208,,3738,1709,2029,8392,,2201,,,,70,6121,4039,3785,704,3081,193
1960,51,4210100046B000,42,42,,,,,,,,2176,,,2048,1328,720,,3456,2000,1456,10014,,6641,,,,49,3324,3649,3406,1851,1555,174
1960,51,4210100046C000,42,42,,,,,,,,1063,,,1621,1190,431,,2108,1476,632,7660,,6244,,,,49,1367,2262,2205,1557,648,40
1960,51,4210100046D000,42,42,,,,,,,,1681,,,2267,1745,522,,3994,2835,1159,13324,,8571,,,,104,4649,4280,4105,2857,1248,112
1960,51,4210100046E000,42,42,,,,,,,,888,,,1591,1306,285,,2836,2233,603,10354,,6145,,,,34,4175,3035,2947,2408,539,57
1960,51,4210100046F000,42,42,,,,,,,,1173,,,1735,1381,354,,3251,2432,819,12098,,6854,,,,23,5221,3446,3331,2790,541,72
1960,51,4210100046G000,42,42,,,,,,,,1000,,,535,412,123,,2108,1231,877,6720,,2307,,,,43,4370,2217,2074,1287,787,106
1960,51,4210100046H000,42,42,,,,,,,,1056,,,153,102,51,,2326,1321,1005,6063,,526,,,,39,5498,2678,2508,941,1567,163
1960,51,4210100046I000,42,42,,,,,,,,1582,,,222,118,104,,2576,1098,1478,5998,,682,,,,16,5300,2897,2665,572,2093,206
1960,51,4210100047A000,42,42,,,,,,,,3172,,,2795,1267,1528,,2949,1305,1644,8733,,8370,,,,15,348,3307,3009,348,2661,239
1960,51,4210100047B000,42,42,,,,,,,,1669,,,1445,617,828,,1461,620,841,4264,,4222,,,,6,36,1506,1360,320,1040,105
1960,51,4210100047C000,42,42,,,,,,,,2851,,,2319,990,1329,,2535,1013,1522,8834,,7561,,,,17,1256,2598,2343,590,1753,201
1960,51,4210100047D000,42,42,,,,,,,,3139,,,2751,1365,1386,,3215,1462,1753,9402,,8560,,,,24,818,3681,3225,537,2688,328
1960,51,4210100048A000,42,42,,,,,,,,480,,,7,4,3,,3818,3341,477,13961,,17,,,,2,13942,4120,4029,3388,641,61
1960,51,4210100048B000,42,42,,,,,,,,247,,,101,89,12,,2003,1768,235,8773,,579,,,,25,8169,2351,2303,1265,1038,21
1960,51,4210100048C000,42,42,,,,,,,,231,,,0,0,0,,1539,1308,231,5561,,0,,,,8,5553,1607,1577,1351,226,15
1960,51,4210100048D000,42,42,,,,,,,,987,,,80,0,80,,1240,333,907,2131,,73,,,,6,2054,394,364,353,11,1
1960,51,4210100048E000,42,42,,,,,,,,119,,,97,91,6,,888,775,113,3641,,343,,,,82,3216,1025,999,21,978,11
1960,51,4210100048F000,42,42,,,,,,,,28,,,0,0,0,,80,52,28,238,,0,,,,0,240,75,72,56,16,0
1960,51,4210100049A000,42,42,,,,,,,,267,,,6,6,0,,1241,974,267,3759,,2,,,,4,3753,1400,1355,901,454,34
1960,51,4210100049B000,42,42,,,,,,,,713,,,345,306,39,,2244,1570,674,6152,,1365,,,,22,4765,2532,2431,1213,1218,85
1960,51,4210100049C000,42,42,,,,,,,,1246,,,1547,1272,275,,3077,2106,971,9542,,5647,,,,26,3869,2925,2814,2073,741,68
1960,51,4210100049D000,42,42,,,,,,,,779,,,40,0,40,,2011,1272,739,5915,,18,,,,22,5875,1957,1920,1334,586,24
1960,51,4210100049E000,42,42,,,,,,,,510,,,3,3,0,,1445,935,510,4540,,2,,,,20,4518,1517,1472,1136,336,27
1960,51,4210100049F000,42,42,,,,,,,,311,,,4,4,0,,1661,1350,311,5715,,0,,,,17,5698,1805,1754,1463,291,27
1960,51,4210100049G000,42,42,,,,,,,,1054,,,8,4,4,,3213,2163,1050,8915,,13,,,,26,8876,3504,3404,1995,1409,76
1960,51,4210100049H000,42,42,,,,,,,,325,,,4,0,4,,2039,1718,321,6696,,4,,,,5,6687,2227,2177,1853,324,29
1960,51,4210100050A000,42,42,,,,,,,,53,,,0,0,0,,1334,1281,53,4763,,0,,,,0,4763,1419,1403,1237,166,8
1960,51,4210100050B000,42,42,,,,,,,,119,,,0,0,0,,812,693,119,2563,,2,,,,4,2557,865,849,729,120,5
1960,51,4210100050C000,42,42,,,,,,,,206,,,0,0,0,,727,521,206,2159,,8,,,,0,2151,768,731,441,290,21
1960,51,4210100050D000,42,42,,,,,,,,448,,,11,8,3,,1485,1040,445,4290,,9,,,,4,4277,1622,1555,795,760,42
1960,51,4210100050E000,42,42,,,,,,,,434,,,0,0,0,,2441,2007,434,7590,,2,,,,1,7587,2663,2639,2290,349,15
1960,51,4210100050F000,42,42,,,,,,,,507,,,4,0,4,,3455,2952,503,11557,,8,,,,7,11542,3759,3717,3195,522,27
1960,51,4210100050G000,42,42,,,,,,,,28,,,0,0,0,,1147,1119,28,4290,,1,,,,0,4289,1244,1229,1032,197,12
1960,51,4210100050H000,42,42,,,,,,,,118,,,4,0,4,,1915,1801,114,6824,,13,,,,3,6808,2060,2031,1610,421,23
1960,51,4210100050I000,42,42,,,,,,,,39,,,4,0,4,,618,583,35,2126,,6,,,,0,2120,623,623,615,8,4
1960,51,4210100050J000,42,42,,,,,,,,52,,,4,0,4,,1093,1045,48,3978,,2,,,,0,3976,1138,1131,1009,122,6
1960,51,4210100050K000,42,42,,,,,,,,113,,,0,0,0,,1730,1617,113,6107,,0,,,,0,6107,1838,1814,1600,214,16
1960,51,4210100050L000,42,42,,,,,,,,202,,,0,0,0,,2092,1890,202,7041,,1,,,,4,7036,2249,2219,1975,244,19
1960,51,4210100050M000,42,42,,,,,,,,305,,,8,4,4,,1762,1461,301,6157,,4,,,,18,6135,1905,1872,1591,281,23
1960,51,4210100050N000,42,42,,,,,,,,469,,,4,4,0,,2462,1993,469,8375,,9,,,,7,8359,2761,2703,2232,471,42
1960,51,4210100050O000,42,42,,,,,,,,172,,,0,0,0,,803,631,172,2411,,7,,,,12,2392,798,760,543,217,36
1960,51,4210100050P000,42,42,,,,,,,,429,,,144,120,24,,1785,1380,405,5795,,524,,,,3,5268,1960,1900,1400,500,47
1960,51,4210100051A000,42,42,,,,,,,,0,,,0,0,0,,0,0,0,0,,0,,,,0,0,0,0,0,0,0
1960,51,4210100051B000,42,42,,,,,,,,1391,,,1412,828,584,,2329,1522,807,8822,,5220,,,,36,3566,2630,2453,1500,953,122
1960,51,4210100051C000,42,42,,,,,,,,298,,,72,57,15,,1289,1006,283,4850,,367,,,,2,4481,1544,1467,962,505,56
1960,51,4210100051D000,42,42,,,,,,,,441,,,24,18,6,,2014,1579,435,6920,,73,,,,8,6839,2242,2184,1632,552,39
1960,51,4210100051E000,42,42,,,,,,,,558,,,0,0,0,,3175,2617,558,11655,,16,,,,3,11636,3542,3455,2826,629,54
1960,51,4210100051F000,42,42,,,,,,,,439,,,8,8,0,,1911,1472,439,6823,,23,,,,2,6798,2040,1996,1599,397,31
1960,51,4210100051G000,42,42,,,,,,,,120,,,67,67,0,,896,776,120,3752,,345,,,,5,3402,1095,1095,535,560,6
1960,51,4210100052A000,42,42,,,,,,,,259,,,8,0,8,,1053,802,251,3327,,19,,,,0,3308,957,937,543,394,15
1960,51,4210100052B000,42,42,,,,,,,,244,,,27,0,27,,758,541,217,2043,,19,,,,0,2024,758,740,387,353,9
1960,51,4210100052C000,42,42,,,,,,,,238,,,0,0,0,,591,353,238,1491,,5,,,,0,1486,394,394,315,79,3
1960,51,4210100052D000,42,42,,,,,,,,365,,,13,0,13,,2282,1930,352,7155,,10,,,,0,7145,2368,2321,1972,349,22
1960,51,4210100052F000,42,42,,,,,,,,438,,,204,154,50,,2104,1716,388,6712,,803,,,,2,5907,2323,2237,1451,786,70
1960,51,4210100052G000,42,42,,,,,,,,4,,,0,0,0,,4,0,4,4,,0,,,,0,0,4,4,0,4,0
1960,51,4210100052H000,42,42,,,,,,,,584,,,803,592,211,,1516,1143,373,5171,,2815,,,,29,2327,1604,1537,1106,431,38
1960,51,4210100052I000,42,42,,,,,,,,1243,,,2146,1596,550,,2573,1880,693,9037,,7627,,,,31,1379,2678,2616,2027,589,41
1960,51,4210100052J000,42,42,,,,,,,,1372,,,1661,980,681,,1710,1019,691,5502,,5257,,,,13,232,1762,1701,978,723,44
1960,51,4210100052K000,42,42,,,,,,,,1224,,,1660,1056,604,,1715,1095,620,5659,,5494,,,,23,142,1839,1778,1164,614,48
1960,51,4210100052L000,42,42,,,,,,,,1025,,,1613,1120,493,,1684,1152,532,6147,,5926,,,,19,202,1959,1883,1067,816,34
1960,51,4210100053A000,42,42,,,,,,,,156,,,4,4,0,,2163,2007,156,7537,,6,,,,6,7525,2252,2223,1846,377,19
1960,51,4210100053B000,42,42,,,,,,,,149,,,4,0,4,,1573,1428,145,5389,,2,,,,0,5387,1628,1607,1378,229,13
1960,51,4210100053C000,42,42,,,,,,,,40,,,0,0,0,,1147,1107,40,3995,,2,,,,2,3991,1191,1168,968,200,16
1960,51,4210100053D000,42,42,,,,,,,,293,,,4,4,0,,3005,2712,293,10456,,6,,,,11,10439,3163,3121,2775,346,29
1960,51,4210100054A000,42,42,,,,,,,,191,,,4,0,4,,3884,3697,187,14043,,5,,,,0,14038,4077,4048,3738,310,18
1960,51,4210100054B000,42,42,,,,,,,,170,,,4,4,0,,2170,2000,170,7382,,1,,,,6,7375,2250,2238,1862,376,7
1960,51,4210100054C000,42,42,,,,,,,,149,,,0,0,0,,1582,1433,149,5184,,0,,,,0,5184,1656,1641,1245,396,5
1960,51,4210100055A000,42,42,,,,,,,,396,,,7,7,0,,3578,3182,396,12595,,7,,,,17,12571,3940,3876,3154,722,52
1960,51,4210100055B000,42,42,,,,,,,,202,,,8,4,4,,2187,1989,198,7760,,0,,,,9,7751,2260,2233,2024,209,17
1960,51,4210100055C000,42,42,,,,,,,,183,,,0,0,0,,2105,1922,183,7862,,0,,,,13,7849,2246,2219,2047,172,15
1960,51,4210100055D000,42,42,,,,,,,,177,,,0,0,0,,1304,1127,177,4265,,0,,,,5,4260,1412,1393,1258,135,13
1960,51,4210100056A000,42,42,,,,,,,,0,,,0,0,0,,4,4,0,16,,0,,,,0,0,4,4,0,4,0
1960,51,4210100056B000,42,42,,,,,,,,545,,,0,0,0,,3194,2649,545,10586,,6,,,,8,10572,3265,3211,2739,472,30
1960,51,4210100056C000,42,42,,,,,,,,81,,,0,0,0,,945,864,81,3681,,0,,,,3,3678,1015,997,887,110,14
1960,51,4210100056D000,42,42,,,,,,,,201,,,8,4,4,,1222,1025,197,3892,,2,,,,0,3890,1219,1121,918,203,93
1960,51,4210100056E000,42,42,,,,,,,,29,,,0,0,0,,946,917,29,3292,,1,,,,5,3286,1126,1008,948,60,13
1960,51,4210100056F000,42,42,,,,,,,,184,,,4,4,0,,1575,1391,184,5027,,0,,,,4,5023,1776,1638,1183,455,96
1960,51,4210100056G000,42,42,,,,,,,,111,,,0,0,0,,1116,1005,111,3861,,1,,,,0,3862,1205,1149,991,158,48
1960,51,4210100056H000,42,42,,,,,,,,192,,,0,0,0,,1522,1330,192,5031,,0,,,,1,5030,1691,1592,1312,280,37
1960,51,4210100056I000,42,42,,,,,,,,22,,,0,0,0,,647,625,22,2340,,0,,,,1,2339,693,687,671,16,2
1960,51,4210100056J000,42,42,,,,,,,,228,,,0,0,0,,1598,1370,228,5158,,2,,,,1,5155,1727,1664,1219,445,44
1960,51,4210100056K000,42,42,,,,,,,,186,,,10,0,10,,986,810,176,2978,,7,,,,1,2970,1028,997,810,187,28
1960,51,4210100057A000,42,42,,,,,,,,266,,,42,20,22,,3389,3145,244,13099,,60,,,,5,13046,3614,3425,3344,81,68
1960,51,4210100057B000,42,42,,,,,,,,0,,,0,0,0,,19,19,0,121,,0,,,,0,121,39,36,36,0,0
1960,51,4210100057C000,42,42,,,,,,,,80,,,11,7,4,,1904,1828,76,6717,,53,,,,0,6664,2043,1883,1867,16,149
1960,51,4210100057D000,42,42,,,,,,,,75,,,0,0,0,,520,445,75,1575,,1,,,,0,1574,826,494,414,80,9
1960,51,4210100057E000,42,42,,,,,,,,24,,,0,0,0,,1123,1099,24,4259,,9,,,,0,4250,1225,1128,1120,8,34
1960,51,4210100057F000,42,42,,,,,,,,0,,,0,0,0,,6,6,0,27,,0,,,,0,32,8,8,0,8,0
1960,51,4210100057G000,42,42,,,,,,,,149,,,0,0,0,,181,32,149,356,,1,,,,8,347,32,32,29,3,0
1960,51,4210100057H000,42,42,,,,,,,,89,,,4,0,4,,2304,2219,85,8289,,6,,,,8,8275,2433,2322,2170,152,31
1960,51,4210100058A000,42,42,,,,,,,,19,,,0,0,0,,406,387,19,1567,,38,,,,0,1529,476,398,370,28,14
1960,51,4210100058B000,42,42,,,,,,,,166,,,0,0,0,,173,7,166,6770,,1838,,,,19,4913,7,7,0,7,0
1960,51,4210100058C000,42,42,,,,,,,,87,,,0,0,0,,867,780,87,2980,,2,,,,10,2968,917,851,783,68,63
1960,51,4210100058D000,42,42,,,,,,,,22,,,0,0,0,,373,351,22,1455,,0,,,,0,1455,399,398,374,24,0
1960,51,4210100058E000,42,42,,,,,,,,11,,,8,4,4,,113,106,7,384,,3,,,,0,381,149,109,105,4,29
1960,51,4210100058F000,42,42,,,,,,,,16,,,3,3,0,,173,157,16,518,,2,,,,0,511,152,149,149,0,2
1960,51,4210100058G000,42,42,,,,,,,,23,,,0,0,0,,441,418,23,1921,,0,,,,0,1921,450,450,421,29,1
1960,51,4210100058H000,42,42,,,,,,,,32,,,4,4,0,,1038,1006,32,3987,,1,,,,6,3980,1198,1038,1022,16,142
1960,51,4210100058I000,42,42,,,,,,,,85,,,4,4,0,,326,241,85,965,,4,,,,1,960,349,248,235,13,99
1960,51,4210100058J000,42,42,,,,,,,,32,,,4,4,0,,1011,979,32,4608,,0,,,,10,4598,1169,1158,12,1146,9
1960,51,4210100058K000,42,42,,,,,,,,12,,,0,0,0,,979,967,12,3690,,1,,,,0,3689,1069,1009,993,16,38
1960,51,4210100058L000,42,42,,,,,,,,73,,,0,0,0,,760,687,73,2745,,0,,,,0,2745,829,754,695,59,70
1960,51,4210100058M000,42,42,,,,,,,,4,,,0,0,0,,610,606,4,2383,,0,,,,2,2381,688,609,572,37,78
1960,51,4210100059A000,42,42,,,,,,,,640,,,0,0,0,,1562,922,640,4766,,5,,,,8,4753,1818,1687,944,743,85
1960,51,4210100059B000,42,42,,,,,,,,509,,,81,43,38,,1668,1197,471,4852,,202,,,,28,4622,1851,1754,987,767,81
1960,51,4210100059C000,42,42,,,,,,,,820,,,108,71,37,,1830,1047,783,5286,,328,,,,34,4924,2124,2004,1071,933,88
1960,51,4210100059D000,42,42,,,,,,,,1051,,,611,406,205,,1808,962,846,4571,,1908,,,,34,3039,2055,1820,608,1212,175
1960,51,4210100059E000,42,42,,,,,,,,531,,,122,65,57,,672,198,474,1542,,482,,,,13,1047,618,573,153,420,19
1960,51,4210100059F000,42,42,,,,,,,,1468,,,742,465,277,,2363,1172,1191,5861,,2259,,,,38,3564,2465,2350,876,1474,86
1960,51,4210100059G000,42,42,,,,,,,,396,,,8,4,4,,861,469,392,1821,,19,,,,16,1786,936,910,107,803,9
1960,51,4210100059H000,42,42,,,,,,,,522,,,127,103,24,,1304,806,498,3458,,453,,,,12,2993,1280,1217,622,595,37
1960,51,4210100059I000,42,42,,,,,,,,849,,,596,467,129,,2007,1287,720,6063,,2356,,,,23,3684,2106,1985,920,1065,87
1960,51,4210100059J000,42,42,,,,,,,,332,,,101,66,35,,1299,1002,297,4200,,289,,,,4,3497,1401,1349,987,362,33
1960,51,4210100059K000,42,42,,,,,,,,75,,,29,8,21,,216,162,54,649,,39,,,,3,607,202,197,188,9,3
1960,51,4210100059L000,42,42,,,,,,,,175,,,14,4,10,,318,153,165,1117,,54,,,,0,1063,222,214,127,87,3
1960,51,4210100059M000,42,42,,,,,,,,130,,,15,4,11,,455,336,119,1553,,34,,,,1,1518,495,480,275,205,10
1960,51,4210100059N000,42,42,,,,,,,,101,,,4,0,4,,200,103,97,369,,3,,,,0,366,174,158,25,133,14
1960,51,4210100059O000,42,42,,,,,,,,228,,,3,0,3,,546,321,225,1547,,14,,,,0,1533,583,565,350,215,9
1960,51,4210100059P000,42,42,,,,,,,,96,,,3,0,3,,120,27,93,202,,7,,,,0,195,49,39,31,8,0
1960,51,4210100059Q000,42,42,,,,,,,,100,,,0,0,0,,185,85,100,443,,2,,,,0,441,117,113,93,20,2
1960,51,4210100059R000,42,42,,,,,,,,0,,,0,0,0,,0,0,0,0,,0,,,,0,7,0,0,0,0,0
1960,51,4210100059S000,42,42,,,,,,,,4,,,0,0,0,,141,137,4,591,,0,,,,0,591,141,141,133,8,0
